"Company","Address","More Info URL"
"METRO REGIONAL GOVERNMENT","2001 WASHINGTON ST, OREGON CITY, OR 97045","www.portlandcleanair.org/onsite_storage_23592"
"METRO SOUTH TRANSFER STATION","2001 WASHINGTON ST, OREGON CITY, OR 97045","www.portlandcleanair.org/onsite_storage_74665"
"MAVERICK WELDING SUPPLIES INC","1737 WASHINGTON ST, OREGON CITY, OR 97045","www.portlandcleanair.org/onsite_storage_16471"
"VERNONIA CITY OF","1625 N WASHINGTON ST, VERNONIA, OR 97064","www.portlandcleanair.org/onsite_storage_16789"
"NORPAC FOODS INC","930 W WASHINGTON ST, STAYTON, OR 97383","www.portlandcleanair.org/onsite_storage_6560"
"CASCADE FLOORS INC","1527 W WASHINGTON UNIT F, STAYTON, OR 97383","www.portlandcleanair.org/onsite_storage_28850"
"DONALDSON & LANDRY INC","8916 NE VANCOUVER WAY BLDG B-C, PORTLAND, OR 97211","www.portlandcleanair.org/onsite_storage_77445"
"NORTHWEST INDUSTRIAL & FOUNDRY SUPPLY","10771 N LOMBARD ST, PORTLAND, OR 97203","www.portlandcleanair.org/onsite_storage_43648"
"DENNIS SEVEN DEES LANDSCAPING","7355 SE JOHNSON CREEK BLVD, PORTLAND, OR 97206","www.portlandcleanair.org/onsite_storage_43219"
"WESTERN ABRASIVES INC","1170 NE 63RD AVE, PORTLAND, OR 97213","www.portlandcleanair.org/onsite_storage_4797"
"CAMERON GREAT LAKES INC","2335 NW 29TH AVE, PORTLAND, OR 97210","www.portlandcleanair.org/onsite_storage_4981"
"CAMERON GREAT LAKE INC","2323 NW 29TH AVE, PORTLAND, OR 97210","www.portlandcleanair.org/onsite_storage_77571"
"PENSKE TRUCK LEASING","18900 NE SAN RAFAEL, PORTLAND, OR 97230","www.portlandcleanair.org/onsite_storage_18973"
"OREGON SOAP COMPANY","12785 NE WHITAKER WAY, PORTLAND, OR 97230","www.portlandcleanair.org/onsite_storage_77755"
"DS SERVICES OF AMERICA INC","13233 NE JARRETT ST, PORTLAND, OR 97230","www.portlandcleanair.org/onsite_storage_93266"
"ROSE QUARTER DIALYSIS CENTER","4905 NE MLK BLVD, PORTLAND, OR 97211","www.portlandcleanair.org/onsite_storage_92566"
"HOLLYWOOD KIDNEY CENTER","2824 NE WASCO ST, PORTLAND, OR 97232","www.portlandcleanair.org/onsite_storage_92571"
"PORTLAND PARKS & REC","6437 SE DIVISION, PORTLAND, OR 97206","www.portlandcleanair.org/onsite_storage_17050"
"PGE","1705 E BURNSIDE AVE, GRESHAM, OR 97030","www.portlandcleanair.org/onsite_storage_17359"
"ARDEN OLSON BUILDING INC","28930 SE POWELL VALLEY RD, GRESHAM, OR 97080","www.portlandcleanair.org/onsite_storage_77554"
"GREEN STREET DETAILS INC","8900 NE VANCOUVER WAY, PORTLAND, OR 97211","www.portlandcleanair.org/onsite_storage_45815"
"PACIFICORP","8111 NE COLUMBIA BLVD, PORTLAND, OR 97218","www.portlandcleanair.org/onsite_storage_17230"
"INDEPENDENT DISPATCH INC","214 NE MIDDLEFIELD RD, PORTLAND, OR 97211","www.portlandcleanair.org/onsite_storage_45141"
"BRIDGEPORT BREWING CO","1318 NW NORTHRUP ST, PORTLAND, OR 97209","www.portlandcleanair.org/onsite_storage_45416"
"OTA FAMILY TOFU","812 SE STARK, PORTLAND, OR 97214","www.portlandcleanair.org/onsite_storage_4894"
"CEMEX","6400 SE 101ST AVE, PORTLAND, OR 97266","www.portlandcleanair.org/onsite_storage_80962"
"BI-MART CORPORATION","17108 SE POWELL BLVD, PORTLAND, OR 97236","www.portlandcleanair.org/onsite_storage_80948"
"ODOT","5315 NE 101ST, PORTLAND, OR 97220","www.portlandcleanair.org/onsite_storage_6036"
"MULTNOMAH COUNTY","1620 SE 190TH AVE, PORTLAND, OR 97233","www.portlandcleanair.org/onsite_storage_17128"
"LEATHERMAN TOOL GROUP","12106 NE AINSWORTH CIR, PORTLAND, OR 97220","www.portlandcleanair.org/onsite_storage_45070"
"DACON INDUSTRIES COMPANY","10661 N LOMBARD ST, PORTLAND, OR 97203","www.portlandcleanair.org/onsite_storage_43602"
"GRESHAM GOLF LLC","2155 NE DIVISION, GRESHAM, OR 97030","www.portlandcleanair.org/onsite_storage_43256"
"CRONIN CO THE","5230 N BASIN, PORTLAND, OR 97217","www.portlandcleanair.org/onsite_storage_45073"
"NATIONAL BUILDERS HARDWARE CO","1019 SE 10TH AVE, PORTLAND, OR 97214","www.portlandcleanair.org/onsite_storage_45053"
"MULTNOMAH CO-VECTOR CONT","5235 N COLUMBIA BLVD, PORTLAND, OR 97203","www.portlandcleanair.org/onsite_storage_17132"
"A B FINISHING TECH","6724 NE 46TH AVE, PORTLAND, OR 97218","www.portlandcleanair.org/onsite_storage_47186"
"PORT OF PORTLAND","5750 NE MARINE DR, PORTLAND, OR 97218","www.portlandcleanair.org/onsite_storage_17924"
"BPA","905 NE 11TH AVE, PORTLAND, OR 97232","www.portlandcleanair.org/onsite_storage_18737"
"PORT OF PORTLAND","7111 NE ALDERWOOD, PORTLAND, OR 97218","www.portlandcleanair.org/onsite_storage_17925"
"PORT OF PORTLAND","9699 N RIVERGATE BLVD, PORTLAND, OR 97203","www.portlandcleanair.org/onsite_storage_17926"
"PORT OF PORTLAND","10801 N LOMBARD, PORTLAND, OR 97203","www.portlandcleanair.org/onsite_storage_17927"
"CASCADE GENERAL INC","5555 N CHANNEL AVE, PORTLAND, OR 97217","www.portlandcleanair.org/onsite_storage_17930"
"TROUTDALE CITY OF","1820 NW GRAHAM RD, TROUTDALE, OR 97060","www.portlandcleanair.org/onsite_storage_17932"
"TRAILBLAZER FOODS INC","17900 NE SAN RAFAEL, GRESHAM, OR 97230","www.portlandcleanair.org/onsite_storage_5303"
"PROGRASS INC","5330 NE 105TH, PORTLAND, OR 97220","www.portlandcleanair.org/onsite_storage_17945"
"ODFW","70543 NE HERMAN LOOP, CASCADE LOCKS, OR 97014","www.portlandcleanair.org/onsite_storage_5766"
"PENSKE TRUCK LEASING","1 NE COLUMBIA BLVD, PORTLAND, OR 97211","www.portlandcleanair.org/onsite_storage_44180"
"PORTLAND CITY OF","4800 NE 122ND AVE, PORTLAND, OR 97230","www.portlandcleanair.org/onsite_storage_18745"
"PORTLAND CITY OF","5001 N COLUMBIA BLVD, PORTLAND, OR 97203","www.portlandcleanair.org/onsite_storage_17918"
"W W GRAINGER INC","6335 N BASIN AVE, PORTLAND, OR 97217","www.portlandcleanair.org/onsite_storage_44001"
"NORTHWEST PIPE COMPANY","12005 N BURGARD RD, PORTLAND, OR 97203","www.portlandcleanair.org/onsite_storage_5267"
"AMALGAMATED SUGAR CO LLC THE","2600 NE COLUMBIA BLVD, PORTLAND, OR 97211","www.portlandcleanair.org/onsite_storage_5715"
"VA MEDICAL CENTER PORTLAND","3710 SW US VETS HOSP RD, PORTLAND, OR 97239","www.portlandcleanair.org/onsite_storage_18659"
"UNIVERSAL APPLICATORS INC","10111 NE 6TH DR, PORTLAND, OR 97211","www.portlandcleanair.org/onsite_storage_59655"
"AUTO TRUCK TRANSPORT","6220 N BASIN AVE, PORTLAND, OR 97217","www.portlandcleanair.org/onsite_storage_18611"
"COLUMBIA FORGE & MACHINE","8424 N CRAWFORD ST, PORTLAND, OR 97203","www.portlandcleanair.org/onsite_storage_5730"
"ODA","1207 NW NAITO PKWY STE 204, PORTLAND, OR 97209","www.portlandcleanair.org/onsite_storage_17993"
"GLACIER NORTHWEST INC","2172 NW MARINE DR, TROUTDALE, OR 97060","www.portlandcleanair.org/onsite_storage_80753"
"SIMONDS INTERNATIONAL","2700 SE TACOMA ST, PORTLAND, OR 97202","www.portlandcleanair.org/onsite_storage_5722"
"BNSF RAILWAY","3930 NW YEON AVE, PORTLAND, OR 97210","www.portlandcleanair.org/onsite_storage_18604"
"WURTH LOUIS AND COMPANY","12848 NE AIRPORT WAY, PORTLAND, OR 97230","www.portlandcleanair.org/onsite_storage_79937"
"PORTLAND SCHOOL DISTRICT 1J","1151 SW VERMONT ST, PORTLAND, OR 97219","www.portlandcleanair.org/onsite_storage_17483"
"CH MURPHY-CLARK-ULLMAN","5458 N CHANNEL AVE, PORTLAND, OR 97217","www.portlandcleanair.org/onsite_storage_80782"
"UNION PACIFIC RAILROAD CO","1619 N RIVER ST, PORTLAND, OR 97227","www.portlandcleanair.org/onsite_storage_18906"
"GOOD SAMARITAN HOSP & MED CTR","1015 NW 22ND AVE R 350, PORTLAND, OR 97210","www.portlandcleanair.org/onsite_storage_17558"
"REYNOLDS SCHOOL DISTRICT 7","1698 SW CHERRY PARK RD, PORTLAND, OR 97230","www.portlandcleanair.org/onsite_storage_17572"
"VEOLIA WATER N AMERICA","20015 NE SANDY BLVD, PORTLAND, OR 97230","www.portlandcleanair.org/onsite_storage_17581"
"MATHESON TRI GAS INC","13129 NE DAVID CR, PORTLAND, OR 97230","www.portlandcleanair.org/onsite_storage_78418"
"TUBULAR SOLUTIONS INC","2690 NW NICOLAI ST, PORTLAND, OR 97210","www.portlandcleanair.org/onsite_storage_92290"
"PORTLAND SPECIALTY BAKING LLC","3423 NE 172ND PL, PORTLAND, OR 97230","www.portlandcleanair.org/onsite_storage_44212"
"B & B METAL","11309 NE HOLMAN ST, PORTLAND, OR 97220","www.portlandcleanair.org/onsite_storage_5516"
"TCI AMERICA","13135 N WOODRUSH WAY, PORTLAND, OR 97203","www.portlandcleanair.org/onsite_storage_103497"
"LLOYD CENTER ICE CHALET","953 LLOYD CENTER, PORTLAND, OR 97232","www.portlandcleanair.org/onsite_storage_92402"
"SIMPLOT PARTNERS","11600 NE MARX ST, PORTLAND, OR 97220","www.portlandcleanair.org/onsite_storage_78089"
"PORTLAND SCHOOL DISTRICT 1J","6801 SE 60TH, PORTLAND, OR 97206","www.portlandcleanair.org/onsite_storage_17460"
"BRIDGETOWN CORES INC","900 N COLUMBIA BLVD, PORTLAND, OR 97217","www.portlandcleanair.org/onsite_storage_78745"
"MULTNOMAH COUNTY","1620 SE 190TH AVE, PORTLAND, OR 97233","www.portlandcleanair.org/onsite_storage_18919"
"UPS","6707 N BASIN AVE, PORTLAND, OR 97217","www.portlandcleanair.org/onsite_storage_18825"
"KNIFE RIVER","12222 NW MARINA WAY, PORTLAND, OR 97231","www.portlandcleanair.org/onsite_storage_103363"
"AMERICAN METAL CLEANING INC","9940 N VANCOUVER WAY, PORTLAND, OR 97217","www.portlandcleanair.org/onsite_storage_18818"
"KAISER PERMANENTE","3715 N INTERSTATE AVE, PORTLAND, OR 97227","www.portlandcleanair.org/onsite_storage_72459"
"GENERAL TOOL AND SUPPLY COMPANY","3317 NW GUAM ST BLDG 7, PORTLAND, OR 97210","www.portlandcleanair.org/onsite_storage_103472"
"JALISCO AUTO SERVICE","2368 NW BURNSIDE RD, GRESHAM, OR 97030","www.portlandcleanair.org/onsite_storage_102901"
"HERON LAKES GOLF COURSE","3500 N VICTORY BLVD, PORTLAND, OR 97217","www.portlandcleanair.org/onsite_storage_43257"
"LA GRAND INDUST SUPPLY CO","3838 SW MACADAM AVE, PORTLAND, OR 97239","www.portlandcleanair.org/onsite_storage_17798"
"PACIFICA INC","3135 NW INDUSTRIAL ST, PORTLAND, OR 97210","www.portlandcleanair.org/onsite_storage_72515"
"FLEETPRIDE","2026 NE COLUMBIA BLVD STE A, PORTLAND, OR 97211","www.portlandcleanair.org/onsite_storage_103486"
"ALBERTSONS DC 8252/37311","17505 NE SAN RAFAEL, PORTLAND, OR 97230","www.portlandcleanair.org/onsite_storage_18839"
"FRED MEYER STORES INC","3800 SE 22ND, PORTLAND, OR 97202","www.portlandcleanair.org/onsite_storage_17715"
"WAREHOUSE SPECIALISTS INC","5915 N MARINE DR, PORTLAND, OR 97203","www.portlandcleanair.org/onsite_storage_59928"
"TEENY FOODS","3434 NE 170TH PL, PORTLAND, OR 97230","www.portlandcleanair.org/onsite_storage_7454"
"PILKINGTON NORTH AMERICA","5751 NE COLUMBIA BLVD, PORTLAND, OR 97218","www.portlandcleanair.org/onsite_storage_13825"
"COASTAL FARM & HOME SUPPLY CO","2865 NE HOGAN DR, GRESHAM, OR 97030","www.portlandcleanair.org/onsite_storage_95962"
"MCQUIGGINS INC","4505 SE 23RD, PORTLAND, OR 97222","www.portlandcleanair.org/onsite_storage_55514"
"MUNNELL & SHERRILL INC","1163 NE 63RD, PORTLAND, OR 97213","www.portlandcleanair.org/onsite_storage_13979"
"OREGON HYUNDAI SUPPLY","6210 NE 92ND DR STE B-103, PORTLAND, OR 97220","www.portlandcleanair.org/onsite_storage_74493"
"OREGON TILE & MARBLE","1845 SE 3RD AVE, PORTLAND, OR 97214","www.portlandcleanair.org/onsite_storage_13927"
"MCTAVISH COMPANY INC","10234 NE GLISAN, PORTLAND, OR 97220","www.portlandcleanair.org/onsite_storage_55515"
"PERSIMMON COUNTRY CLUB","1414 SE BUTLER, GRESHAM, OR 97080","www.portlandcleanair.org/onsite_storage_50384"
"BRENNTAG PACIFIC INC","5700 NW FRONT AVE, PORTLAND, OR 97210","www.portlandcleanair.org/onsite_storage_7978"
"TARGET CORPORATION","9800 SE WASHINGTON ST, PORTLAND, OR 97216","www.portlandcleanair.org/onsite_storage_99407"
"TRILLIUM LUMBER CO","9089 N DENVER AVE, PORTLAND, OR 97217","www.portlandcleanair.org/onsite_storage_7628"
"533 MALLC","8005 NE AIRPORT WAY, PORTLAND, OR 97218","www.portlandcleanair.org/onsite_storage_96216"
"ANDERSON ROOFING CO INC","5885 NW ST HELENS RD, PORTLAND, OR 97210","www.portlandcleanair.org/onsite_storage_13064"
"METRO SAFETY & FIRE INC","14324 SE STARK ST, PORTLAND, OR 97233","www.portlandcleanair.org/onsite_storage_55635"
"SEALANT SPECIALIST","539 SE DIVISION PL STE 2, PORTLAND, OR 97202","www.portlandcleanair.org/onsite_storage_14337"
"YMCA CAMP COLLINS","3001 SE OXBOW PKWY, GRESHAM, OR 97080","www.portlandcleanair.org/onsite_storage_95647"
"GREAT WESTERN INK INC","2100 NW 22ND AVE, PORTLAND, OR 97210","www.portlandcleanair.org/onsite_storage_6873"
"INTERNATIONAL RAW MATERIALS LTD","11040 N LOMBARD ST TERM 4, PORTLAND, OR 97203","www.portlandcleanair.org/onsite_storage_14428"
"PAPE KENWORTH","550 NE COLUMBIA BLVD, PORTLAND, OR 97211","www.portlandcleanair.org/onsite_storage_14312"
"TROUTDALE SAND & GRAVEL","2205 NE 244TH, WOOD VILLAGE, OR 97060","www.portlandcleanair.org/onsite_storage_6838"
"GENUINE PARTS CO","10515 N LOMBARD ST, PORTLAND, OR 97203","www.portlandcleanair.org/onsite_storage_14231"
"APOLLO CHEMICAL & EQUIPMENT CO","6647 NE 47TH AVE, PORTLAND, OR 97218","www.portlandcleanair.org/onsite_storage_7104"
"SAPA PROFILES INC","7933 NE 21ST AVE, PORTLAND, OR 97211","www.portlandcleanair.org/onsite_storage_7099"
"A-BOY ELECTRIC & PLUMBING INC","7365 SW BARBUR BLVD, PORTLAND, OR 97219","www.portlandcleanair.org/onsite_storage_49295"
"A & B SHEET METAL WORKS LLC","5410 NE 109TH AVE, PORTLAND, OR 97220","www.portlandcleanair.org/onsite_storage_49203"
"FOSTER FEED AND GARDEN","10307 SE FOSTER RD, PORTLAND, OR 97266","www.portlandcleanair.org/onsite_storage_14189"
"CARQUEST AUTO PARTS 0026","14819 N LOMBARD ST, PORTLAND, OR 97203","www.portlandcleanair.org/onsite_storage_14205"
"MOUNT HOOD MEDICAL CENTER","24800 SE STARK ST, GRESHAM, OR 97030","www.portlandcleanair.org/onsite_storage_55871"
"GLACIER NORTHWEST INC","1050 N RIVER ST, PORTLAND, OR 97227","www.portlandcleanair.org/onsite_storage_14277"
"GRESHAM OUTLOOK","1190 NE DIVISION, GRESHAM, OR 97030","www.portlandcleanair.org/onsite_storage_6886"
"DEALERS SUPPLY COMPANY INC","2345 NW NICOLAI ST, PORTLAND, OR 97210","www.portlandcleanair.org/onsite_storage_14307"
"ABC SUPPLY CO INC","1810 SE 10TH AVE, PORTLAND, OR 97214","www.portlandcleanair.org/onsite_storage_14306"
"GENERAL AUTOMOTIVE SUPPLY CO INC","2204 N RANDOLPH AVE, PORTLAND, OR 97227","www.portlandcleanair.org/onsite_storage_14305"
"B & B AUTO SUPPLY CO INC","3232 NW INDUSTRIAL ST STE B, PORTLAND, OR 97210","www.portlandcleanair.org/onsite_storage_14289"
"MCCOY FREIGHTLINER LLC","9622 NE VANCOUVER WAY, PORTLAND, OR 97211","www.portlandcleanair.org/onsite_storage_6889"
"MOUNT HOOD COMMUNITY COLLEGE","26000 SE STARK ST, GRESHAM, OR 97030","www.portlandcleanair.org/onsite_storage_6899"
"GENUINE PARTS COMPANY","730 SE 9TH, PORTLAND, OR 97214","www.portlandcleanair.org/onsite_storage_14238"
"GENUINE PARTS COMPANY","430 NE COLUMBIA BLVD, PORTLAND, OR 97211","www.portlandcleanair.org/onsite_storage_14236"
"AUTO ACCESSORY DIST INC","8335 SE DIVISION ST, PORTLAND, OR 97266","www.portlandcleanair.org/onsite_storage_14290"
"UNIFIRST CORP LOC 335","14321 NE WHITTAKER WAY, PORTLAND, OR 97230","www.portlandcleanair.org/onsite_storage_10076"
"DAIMLER TRUCKS NORTH AMERICA","5115 N LAGOON, PORTLAND, OR 97217","www.portlandcleanair.org/onsite_storage_10204"
"DANNON COMPANY THE","5858 NE 87TH AVE, PORTLAND, OR 97220","www.portlandcleanair.org/onsite_storage_54136"
"EWING IRRIGATION PRODUCTS INC","9335 SE KNAPP ST, PORTLAND, OR 97266","www.portlandcleanair.org/onsite_storage_99176"
"FLEET MAINTENANCE INC","8305 NE MLK JR BLVD, PORTLAND, OR 97211","www.portlandcleanair.org/onsite_storage_10626"
"DU TRUCK SERVICE INC","8900 N VANCOUVER AVE, PORTLAND, OR 97217","www.portlandcleanair.org/onsite_storage_98745"
"BUSHNELL WAREHOUSE CORP","2720 NW 35TH, PORTLAND, OR 97210","www.portlandcleanair.org/onsite_storage_9503"
"MACS RADIATOR & REPAIR INC","6147 SE FOSTER RD, PORTLAND, OR 97206","www.portlandcleanair.org/onsite_storage_9610"
"HOGAN FAB INC","5722 SE JOHNSON CREEK BLVD, PORTLAND, OR 97206","www.portlandcleanair.org/onsite_storage_53875"
"PORTLAND SCHOOL DISTRICT 1J","501 DIXON, PORTLAND, OR 97227","www.portlandcleanair.org/onsite_storage_9682"
"MASONS SUPPLY","1246 SE CLINTON, PORTLAND, OR 97202","www.portlandcleanair.org/onsite_storage_53363"
"CITY RADIATOR INC","1420 NW EVERETT ST, PORTLAND, OR 97209","www.portlandcleanair.org/onsite_storage_9778"
"BULK TRANSPORTATION","11645 N FORCE AVE, PORTLAND, OR 97217","www.portlandcleanair.org/onsite_storage_98603"
"TUBE FORGINGS OF AMERICA INC","5200 NW FRONT, PORTLAND, OR 97210","www.portlandcleanair.org/onsite_storage_8312"
"OPTI-CRAFT INC","17311 NE HALSEY ST, PORTLAND, OR 97230","www.portlandcleanair.org/onsite_storage_8107"
"LAKESIDE INDUSTRIES INC","4850 NW FRONT AVE, PORTLAND, OR 97210","www.portlandcleanair.org/onsite_storage_12337"
"GREENDEPOT","1035 SE 9TH AVE, PORTLAND, OR 97214","www.portlandcleanair.org/onsite_storage_52503"
"ENDERS & ASSOCIATES INC","2535 N HAYDEN ISLAND DR BLDG C, PORTLAND, OR 97217","www.portlandcleanair.org/onsite_storage_52472"
"SCHOOL SPECIALTY CO OF OREGON","1035 SE 3RD AVE, PORTLAND, OR 97214","www.portlandcleanair.org/onsite_storage_8510"
"HICKORY SPRINGS OF CALIFORNIA","3900 NE 158TH ST, PORTLAND, OR 97230","www.portlandcleanair.org/onsite_storage_8501"
"EDGEFIELD BREWERY","2126 SW HALSEY ST, TROUTDALE, OR 97060","www.portlandcleanair.org/onsite_storage_52387"
"KNIFE RIVER","14545 NW ST HELENS RD, PORTLAND, OR 97231","www.portlandcleanair.org/onsite_storage_11254"
"GEORGIA-PACIFIC WFS LLC","22320 NE MARINE DR, FAIRVIEW, OR 97024","www.portlandcleanair.org/onsite_storage_54303"
"BULLSEYE GLASS CO","3743 SE 21ST ST, PORTLAND, OR 97202","www.portlandcleanair.org/onsite_storage_99338"
"TARGET CORPORATION","21500 NE HALSEY ST, FAIRVIEW, OR 97024","www.portlandcleanair.org/onsite_storage_99374"
"WESTERN INTEGRATED TECHNOLGIES","8900 N RAMSEY BLVD, PORTLAND, OR 97203","www.portlandcleanair.org/onsite_storage_8398"
"PORTLAND CITY OF","2929 N KERBY AVE, PORTLAND, OR 97227","www.portlandcleanair.org/onsite_storage_11500"
"WILLIAMS FORM ENGINEERING","7601 N COLUMBIA BLVD, PORTLAND, OR 97203","www.portlandcleanair.org/onsite_storage_11450"
"OREGON TRANSFER","7825 N LEADBETTER RD, PORTLAND, OR 97203","www.portlandcleanair.org/onsite_storage_99774"
"ART CRAFT SILVERSMITH","3111 SE 13TH AVE STE 500, PORTLAND, OR 97202","www.portlandcleanair.org/onsite_storage_47602"
"AMERICAN AGRICULTURE","9220 SE STARK ST, PORTLAND, OR 97216","www.portlandcleanair.org/onsite_storage_47642"
"ODOT","9637 SW 35TH DR, PORTLAND, OR 97219","www.portlandcleanair.org/onsite_storage_6126"
"CHEMITHON SURFACE FINISHING","12502 NE MARX ST, PORTLAND, OR 97230","www.portlandcleanair.org/onsite_storage_6129"
"FOSS MARITIME CO","9030 NW ST HELENS RD, PORTLAND, OR 97231","www.portlandcleanair.org/onsite_storage_6130"
"PAPƒ MACHINERY INE","1510 E POWELL BLVD, GRESHAM, OR 97030","www.portlandcleanair.org/onsite_storage_47210"
"PELLETROX INC","2601 N NEWARK ST, PORTLAND, OR 97217","www.portlandcleanair.org/onsite_storage_47650"
"FXI INC","19241 NE SAN RAFAEL ST, PORTLAND, OR 97230","www.portlandcleanair.org/onsite_storage_48137"
"NEW SYSTEM LAUNDRY","432 NE 10TH AVE, PORTLAND, OR 97232","www.portlandcleanair.org/onsite_storage_48248"
"SUPERIOR TANK WASH INC","5741 NE 92ND DR, PORTLAND, OR 97220","www.portlandcleanair.org/onsite_storage_76826"
"PARR LUMBER COMPANY","18608 SE STARK ST, PORTLAND, OR 97233","www.portlandcleanair.org/onsite_storage_56854"
"PARR LUMBER COMPANY","6250 NE MLK JR BLVD, PORTLAND, OR 97211","www.portlandcleanair.org/onsite_storage_56855"
"KOPPERS INC","7540 NW ST HELENS RD, PORTLAND, OR 97210","www.portlandcleanair.org/onsite_storage_6202"
"COCA-COLA COMPANY THE","2710 NE DAVIS ST, PORTLAND, OR 97232","www.portlandcleanair.org/onsite_storage_16372"
"GAMBLIN ARTISTS COLORS CO","323 SE DIVISION PL, PORTLAND, OR 97202","www.portlandcleanair.org/onsite_storage_48129"
"CINTAS CORPORATION","9045 N RAMSEY BLVD, PORTLAND, OR 97203","www.portlandcleanair.org/onsite_storage_46922"
"BELTSERVICE CORP","13327 N WOODRUSH WAY, PORTLAND, OR 97203","www.portlandcleanair.org/onsite_storage_6213"
"GANS INK & SUPPY CO","3448 NW YEON AVE, PORTLAND, OR 97210","www.portlandcleanair.org/onsite_storage_46389"
"MASONS SUPPLY COMPANY","2637 SE 12TH AVE, PORTLAND, OR 97202","www.portlandcleanair.org/onsite_storage_46095"
"SPICERS PAPER INC","4161 NE 189TH AVE, GRESHAM, OR 97230","www.portlandcleanair.org/onsite_storage_46086"
"GALVANIZERS","2427 NW 30TH AVE, PORTLAND, OR 97210","www.portlandcleanair.org/onsite_storage_46015"
"ADVANCED POWDER COATING INC","8969 SE 58TH, PORTLAND, OR 97206","www.portlandcleanair.org/onsite_storage_101198"
"FLIGHTCRAFT INC","7777 NE AIRPORT WAY, PORTLAND, OR 97218","www.portlandcleanair.org/onsite_storage_16988"
"BRANDWATCH TECHNOLOGIES INC","5921 N MARINE DR, PORTLAND, OR 97203","www.portlandcleanair.org/onsite_storage_93714"
"COLLIER MANUFACTURING LLC","1891 NW COMMERCE CT, TROUTDALE, OR 97060","www.portlandcleanair.org/onsite_storage_101154"
"COLUMBIA EDGEWATER COUNTRY CLUB","2220 NE MARINE DR, PORTLAND, OR 97211","www.portlandcleanair.org/onsite_storage_45861"
"BRESLIN TIMBERLINE TIRE FACTORY","3434 NE SANDY BLVD, PORTLAND, OR 97232","www.portlandcleanair.org/onsite_storage_46405"
"MORASCH MEATS INC","4050 NE 158TH AVE, PORTLAND, OR 97230","www.portlandcleanair.org/onsite_storage_46526"
"KING CYCLE GROUP","2801 NW NELA ST, PORTLAND, OR 97210","www.portlandcleanair.org/onsite_storage_94420"
"USACE","150 I-84 EXIT 40, CASCADE LOCKS, OR 97014","www.portlandcleanair.org/onsite_storage_16652"
"ESSEX GROUP","5417 NE 148TH AVE STE 205, PORTLAND, OR 97230","www.portlandcleanair.org/onsite_storage_94736"
"XPEDX","9111 NE COLUMBIA BLVD, PORTLAND, OR 97220","www.portlandcleanair.org/onsite_storage_6353"
"MCCOY FREIGHTLINER LLC","2323 NE COLUMBIA BLVD, PORTLAND, OR 97211","www.portlandcleanair.org/onsite_storage_48733"
"HYDRA-POWER SYSTEMS INC","5445 NE 122ND AVE, PORTLAND, OR 97230","www.portlandcleanair.org/onsite_storage_6657"
"CASCADE CORPORATION","2201 NE 201ST, GRESHAM, OR 97024","www.portlandcleanair.org/onsite_storage_6650"
"PERMACOLD ENGINEERING INC","3005 NE ARGYLE ST, PORTLAND, OR 97211","www.portlandcleanair.org/onsite_storage_48681"
"AUTO-CHLOR SYSTEM OF OREGON","6212 NE 78TH CT STE A, PORTLAND, OR 97218","www.portlandcleanair.org/onsite_storage_15105"
"TCI AMERICA","9211 N HARBORGATE, PORTLAND, OR 97203","www.portlandcleanair.org/onsite_storage_15134"
"MULTNOMAH COUNTY TRANSPORT DIV","1403 SE WATER, PORTLAND, OR 97233","www.portlandcleanair.org/onsite_storage_48652"
"LINNTON FEED & SEED","10920 NW ST HELENS RD, PORTLAND, OR 97231","www.portlandcleanair.org/onsite_storage_14802"
"CHEMICAL DIST INC","2727 NW INDUSTRIAL AVE, PORTLAND, OR 97210","www.portlandcleanair.org/onsite_storage_14825"
"NW BRASS & ALUM FOUNDRY","10707 SE KNIGHT ST, PORTLAND, OR 97266","www.portlandcleanair.org/onsite_storage_56183"
"MAR-DUSTRIAL SALES INC","4865 N LAGOON AVE, PORTLAND, OR 97217","www.portlandcleanair.org/onsite_storage_15024"
"GENERAL TOOL AND SUPPLY COMPANY","2705 NW NICOLAI ST, PORTLAND, OR 97210","www.portlandcleanair.org/onsite_storage_15021"
"CASCADE CORPORATION","2207 NE 201ST, FAIRVIEW, OR 97024","www.portlandcleanair.org/onsite_storage_48760"
"OREGON LEATHER COMPANY","110 NW 2ND, PORTLAND, OR 97209","www.portlandcleanair.org/onsite_storage_15006"
"LA GRAND INDUSTRIAL SUPPLY","2620 SW FIRST AVE, PORTLAND, OR 97201","www.portlandcleanair.org/onsite_storage_15008"
"KANTO CORPORATION INC","13424 N WOODRUSH WAY, PORTLAND, OR 97203","www.portlandcleanair.org/onsite_storage_48518"
"LAND ROVER PORTLAND","720 NE GRAND AVE, PORTLAND, OR 97232","www.portlandcleanair.org/onsite_storage_48488"
"ELECTIO LLC","1712 SE ANKENY, PORTLAND, OR 97214","www.portlandcleanair.org/onsite_storage_15724"
"WESTROCK RECYCLING","6328 SE 100TH AVE, PORTLAND, OR 97266","www.portlandcleanair.org/onsite_storage_76083"
"WALTER E NELSON CO INC","5937 N CUTTER CIR, PORTLAND, OR 97217","www.portlandcleanair.org/onsite_storage_16022"
"ENVIRONMENTALLY CONSCIOUS RECYCLING","12409 NE SAN RAFAEL, PORTLAND, OR 97230","www.portlandcleanair.org/onsite_storage_16015"
"ALS TRIBOLOBY","4943 NW FRONT AVE, PORTLAND, OR 97210","www.portlandcleanair.org/onsite_storage_48391"
"PELLA VINYL","18722 NE WILKES RD, PORTLAND, OR 97230","www.portlandcleanair.org/onsite_storage_95378"
"NORTHWEST RETREADERS","19004 NE SAN RAFAEL ST, PORTLAND, OR 97230","www.portlandcleanair.org/onsite_storage_15898"
"WESTPORT SUPPLY CO INC","3536 NW 35TH AVE, PORTLAND, OR 97210","www.portlandcleanair.org/onsite_storage_16005"
"ACME CONSTRUCTION SUPPLY CO","330 SE SALMON, PORTLAND, OR 97214","www.portlandcleanair.org/onsite_storage_48581"
"GRESHAM-BARLOW SCHOOL DIST 10J","5105 SE 302ND, GRESHAM, OR 97080","www.portlandcleanair.org/onsite_storage_48594"
"REED ELECTRIC COMPANY","2539 NW VAUGHN, PORTLAND, OR 97210","www.portlandcleanair.org/onsite_storage_6476"
"USACE","8010 NW ST HELENS RD, PORTLAND, OR 97210","www.portlandcleanair.org/onsite_storage_48620"
"GRESHAM-BARLOW SCHOOL DIST 10J","1200 N MAIN AVE, GRESHAM, OR 97030","www.portlandcleanair.org/onsite_storage_48595"
"STACK METALLURGICAL SERVICES","5938 N BASIN AVE, PORTLAND, OR 97217","www.portlandcleanair.org/onsite_storage_48537"
"ODOT","12348 N CENTER AVE, PORTLAND, OR 97217","www.portlandcleanair.org/onsite_storage_6441"
"SALONCENTRIC","11419 SE FOSTER RD, PORTLAND, OR 97266","www.portlandcleanair.org/onsite_storage_15620"
"OHSU","3181 SW SAM JACKSON PK RD, PORTLAND, OR 97239","www.portlandcleanair.org/onsite_storage_6472"
"REJUVENATION INC","2550 NW NICOLAI ST, PORTLAND, OR 97210","www.portlandcleanair.org/onsite_storage_68652"
"HIGH-TEMP NW INC","14025 N RIVERGATE BLVD, PORTLAND, OR 97203","www.portlandcleanair.org/onsite_storage_3506"
"BULLSEYE GLASS CO","3722 SE 21ST ST, PORTLAND, OR 97202","www.portlandcleanair.org/onsite_storage_2163"
"JOHNSON CONCRETE PRODUCTS","6500 JOHNSON CREEK BLVD, PORTLAND, OR 97206","www.portlandcleanair.org/onsite_storage_3480"
"TARGET SPECIALTY PRODUCTS","12937 NE DAVID CIR, PORTLAND, OR 97208","www.portlandcleanair.org/onsite_storage_71445"
"TROUTDALE TRANSFER STATION","869 NW EASTWIND DR, TROUTDALE, OR 97060","www.portlandcleanair.org/onsite_storage_66099"
"PENSKE TRUCK LEASING","2800 NW NELA ST, PORTLAND, OR 97210","www.portlandcleanair.org/onsite_storage_68701"
"PORTLAND HOSPITAL SERVICE","18440 NE PORTAL WAY, PORTLAND, OR 97230","www.portlandcleanair.org/onsite_storage_37567"
"NORTHSIDE TRUCKS & EQUIPMENT","6221 NE COLUMBIA BLVD, PORTLAND, OR 97218","www.portlandcleanair.org/onsite_storage_37505"
"ALSCO AMERICAN LINEN","1755 NE ARGYLE, PORTLAND, OR 97211","www.portlandcleanair.org/onsite_storage_68480"
"WRIGHT BUSINESS GRAPHICS","18440 NE SAN RAFAEL ST, PORTLAND, OR 97230","www.portlandcleanair.org/onsite_storage_2126"
"M & N PLASTICS","38 SE 97TH, PORTLAND, OR 97216","www.portlandcleanair.org/onsite_storage_2141"
"BLACKLINE INC","2425 NW ST HELENS RD, PORTLAND, OR 97210","www.portlandcleanair.org/onsite_storage_31969"
"PORTLAND CITY OF","SUBSTN SEWAGE PMP STN, SUBSTATION, OR 97000","www.portlandcleanair.org/onsite_storage_66051"
"JIM FISHER VOLVO","2108 W BURNSIDE ST, PORTLAND, OR 97210","www.portlandcleanair.org/onsite_storage_37312"
"PENINSULA TERMINAL COMPANY","11645 N FORCE AVE, PORTLAND, OR 97217","www.portlandcleanair.org/onsite_storage_33038"
"PRICE MART INC","8700 N VANCOUVER AVE, PORTLAND, OR 97217","www.portlandcleanair.org/onsite_storage_33189"
"HEXION INC","10915 N LOMBARD ST, PORTLAND, OR 97203","www.portlandcleanair.org/onsite_storage_3333"
"AAA PRECIOUS METALS","9908 SE ASH ST, PORTLAND, OR 97216","www.portlandcleanair.org/onsite_storage_3461"
"PROVIDENCE PORTLAND MED CENTER","4805 NE GLISAN, PORTLAND, OR 97213","www.portlandcleanair.org/onsite_storage_20933"
"GUTTERMANS SUPPLY CORP OF AMER","1620 NE ARGYLE DR, PORTLAND, OR 97211","www.portlandcleanair.org/onsite_storage_22303"
"SIX STATES DISTRIBUTORS INC","6011 NE COLUMBIA BLVD, PORTLAND, OR 97218","www.portlandcleanair.org/onsite_storage_32554"
"T & A SUPPLY CO INC","6032 N CUTTER CIR, PORTLAND, OR 97217","www.portlandcleanair.org/onsite_storage_68704"
"GUNDERSON LLC","4350 NW FRONT AVE, PORTLAND, OR 97210","www.portlandcleanair.org/onsite_storage_2314"
"IMPERIAL BROWN INC","2271 NE 194TH AVE, PORTLAND, OR 97230","www.portlandcleanair.org/onsite_storage_3437"
"DIVERSIFIED MARINE INC","1801 N MARINE DR, PORTLAND, OR 97217","www.portlandcleanair.org/onsite_storage_22914"
"B C GRAPHIC","3155 NW YEON AVE, PORTLAND, OR 97210","www.portlandcleanair.org/onsite_storage_22901"
"PORTLAND BOLT & MFG CO","3441 NW GUAM, PORTLAND, OR 97210","www.portlandcleanair.org/onsite_storage_3786"
"BILLINGS & CRONN CO","2340 SE GLADSTONE ST STE 100, PORTLAND, OR 97202","www.portlandcleanair.org/onsite_storage_22915"
"TECHNICAL FINISHES & COATINGS","9120 SE 64TH, PORTLAND, OR 97206","www.portlandcleanair.org/onsite_storage_22802"
"PORTLAND COMMUNITY COLLEGE","705 N KILLINGSWORTH, PORTLAND, OR 97217","www.portlandcleanair.org/onsite_storage_20736"
"CLOUDBURST RECYCLING INC","2223 N RANDOLPH, PORTLAND, OR 97227","www.portlandcleanair.org/onsite_storage_22828"
"ROCKTENN CP LLC","9930 N BURGARD WAY, PORTLAND, OR 97203","www.portlandcleanair.org/onsite_storage_3929"
"WENTWORTH CHEVROLET","107 SE GRAND AVE, PORTLAND, OR 97214","www.portlandcleanair.org/onsite_storage_3900"
"CARL DIEBOLD LUMBER CO INC","725 NW DUNBAR AVE, TROUTDALE, OR 97060","www.portlandcleanair.org/onsite_storage_29279"
"EASTMORELAND GOLF COURSE","2659 SE TACOMA, PORTLAND, OR 97202","www.portlandcleanair.org/onsite_storage_41787"
"CORBETT WATER DISTRICT","48000 SE DONAHUE RD, CORBETT, OR 97019","www.portlandcleanair.org/onsite_storage_62264"
"EVONIK CORPORATION","19250 NE PORTAL WAY, PORTLAND, OR 97230","www.portlandcleanair.org/onsite_storage_81907"
"DAL-TILE CORP","2530 SE 8TH AVE, PORTLAND, OR 97202","www.portlandcleanair.org/onsite_storage_88439"
"FLIGHTCRAFT INC","7505 NE AIRPORT WAY, PORTLAND, OR 97218","www.portlandcleanair.org/onsite_storage_88298"
"BROADMOOR GOLF COURSE","3509 NE COLUMBIA BLVD, PORTLAND, OR 97211","www.portlandcleanair.org/onsite_storage_41835"
"COMCAST CABLE COMMUNICATIONS","540 SW HALSEY, TROUTDALE, OR 97060","www.portlandcleanair.org/onsite_storage_81741"
"ERVIN ENVIRONMENTAL OPERATIONS","MULTNOMAH FLLS WWTP I84EXIT 31, CORBETT, OR 97010","www.portlandcleanair.org/onsite_storage_82116"
"FLEETWASH INC","5430 COLUMBIA CT, PORTLAND, OR 97203","www.portlandcleanair.org/onsite_storage_29588"
"A-1 RENTAL","6412 NE SANDY BLVD, PORTLAND, OR 97213","www.portlandcleanair.org/onsite_storage_62346"
"MOUNTAIN VIEW PRODUCTS LLC","464 NE 219TH AVE, GRESHAM, OR 97030","www.portlandcleanair.org/onsite_storage_66257"
"INK SYSTEMS INC","2901 NW FRONT AVE STE G, PORTLAND, OR 97210","www.portlandcleanair.org/onsite_storage_31399"
"PCC STRUCTURALS INC","9169 SE 67TH, PORTLAND, OR 97206","www.portlandcleanair.org/onsite_storage_22287"
"AMERICAN INKS AND COATINGS CO","2669 NE RIVERSIDE WAY, PORTLAND, OR 97211","www.portlandcleanair.org/onsite_storage_31401"
"BLOCK GRAPHICS INC","5822 NE SKYPORT WAY, PORTLAND, OR 97218","www.portlandcleanair.org/onsite_storage_3769"
"MOUNT HOOD SOLUTIONS","14546 N LOMBARD ST, PORTLAND, OR 97203","www.portlandcleanair.org/onsite_storage_3764"
"OWENS-BROCKWAY GLASS CONTAINER INC","9710 NE GLASS PLANT RD, PORTLAND, OR 97220","www.portlandcleanair.org/onsite_storage_1919"
"LATITUDES","2425 NE RIVERSIDE WAY, PORTLAND, OR 97211","www.portlandcleanair.org/onsite_storage_29755"
"AIR LIQUIDE AMERICA SPECIALTY GASES","6529 NW FRONT AVE, PORTLAND, OR 97210","www.portlandcleanair.org/onsite_storage_1794"
"LESAINT CHEMICAL LOGISTICS LLC","2730 NE RIVERSIDE, PORTLAND, OR 97211","www.portlandcleanair.org/onsite_storage_87392"
"FLUID CONNECTOR PRODUCTS","2929 NW 31ST AVE, PORTLAND, OR 97210","www.portlandcleanair.org/onsite_storage_35270"
"UNITED TILE CO INC","3145 NW YEON AVE, PORTLAND, OR 97210","www.portlandcleanair.org/onsite_storage_34407"
"HANSET BROTHERS INC","1105 SE WOODWARD, PORTLAND, OR 97202","www.portlandcleanair.org/onsite_storage_2666"
"LEHIGH HANSON CEMENT CO","4035 SE 22ND AVE, PORTLAND, OR 97202","www.portlandcleanair.org/onsite_storage_34423"
"VEOLIA ENERGY PORTLAND LLC","1225 W BURNSIDE, PORTLAND, OR 97209","www.portlandcleanair.org/onsite_storage_87742"
"CARSON","89 NE COLUMBIA BLVD, PORTLAND, OR 97211","www.portlandcleanair.org/onsite_storage_35206"
"SWIFT TRANSPORTATION CO INC","2747 NW ROGERS CIR, TROUTDALE, OR 97060","www.portlandcleanair.org/onsite_storage_70354"
"KNIFE RIVER","1339 NW EASTWOOD AVE, GRESHAM, OR 97030","www.portlandcleanair.org/onsite_storage_21752"
"DAL-TILE CORP","3240 NW 29TH & YEON AVE, PORTLAND, OR 97210","www.portlandcleanair.org/onsite_storage_34462"
"UNITED RENTALS NORTHWEST INC","5111 NE 82ND AVE, PORTLAND, OR 97220","www.portlandcleanair.org/onsite_storage_35143"
"AIRGAS USA LLC","3591 N COLUMBIA BLVD, PORTLAND, OR 97217","www.portlandcleanair.org/onsite_storage_71096"
"PELLA VINYL","18600 NE WILKES RD, PORTLAND, OR 97230","www.portlandcleanair.org/onsite_storage_2621"
"M & N PLASTICS","49 SE 97TH AVE, PORTLAND, OR 97216","www.portlandcleanair.org/onsite_storage_87691"
"BODEN STORE FIXTURES INC","10733 NE MARX BLDG 8, PORTLAND, OR 97220","www.portlandcleanair.org/onsite_storage_2649"
"AIR MAC HANDLING & STORAGE","3148 NE 181ST AVE, PORTLAND, OR 97230","www.portlandcleanair.org/onsite_storage_35462"
"ESSENTIAL WHOLESALE","2211 NW NICOLAI ST, PORTLAND, OR 97210","www.portlandcleanair.org/onsite_storage_89183"
"CONTAINER MANAGEMENT SERVICES","10103 NE MARX, PORTLAND, OR 97220","www.portlandcleanair.org/onsite_storage_3001"
"ALASKAN COPPER & BRASS CO","2440 SE RAYMOND, PORTLAND, OR 97202","www.portlandcleanair.org/onsite_storage_2766"
"CAREFREE POOL & SPA SUPPLY INC","14811 NE AIRPORT WAY STE 300, PORTLAND, OR 97230","www.portlandcleanair.org/onsite_storage_64894"
"PAPƒ MACHINERY & WELD SHOP","1425 NE COLUMBIA BLVD, PORTLAND, OR 97211","www.portlandcleanair.org/onsite_storage_35084"
"ALLIED BUILDING PRODUCTS","11305 NE MARX STE A, PORTLAND, OR 97220","www.portlandcleanair.org/onsite_storage_34606"
"JOHNSTONE SUPPLY","11632 NE AINSWORTH CIR, PORTLAND, OR 97220","www.portlandcleanair.org/onsite_storage_34732"
"SCENIC FRUIT COMPANY","7510 SE ALTMAN RD, GRESHAM, OR 97080","www.portlandcleanair.org/onsite_storage_4795"
"GRABBER NORTHWEST","15009 NE AIRPORT WAY STE 300, PORTLAND, OR 97230","www.portlandcleanair.org/onsite_storage_34627"
"UNITED WELDING SUPPLY","2313 NE MLK JR BLVD, PORTLAND, OR 97212","www.portlandcleanair.org/onsite_storage_63577"
"BURNS FEED STORE","29215 SE ORIENT DR, GRESHAM, OR 97080","www.portlandcleanair.org/onsite_storage_36858"
"NORTH AMERICAN TREE CO","5050 SE STARK ST, PORTLAND, OR 97215","www.portlandcleanair.org/onsite_storage_36820"
"PORTLAND CITY OF","3600 N HAYDEN ISLAND DR, PORTLAND, OR 97203","www.portlandcleanair.org/onsite_storage_89696"
"ALTEC INDUSTRIES INC","13817 NE SANDY BLVD, PORTLAND, OR 97230","www.portlandcleanair.org/onsite_storage_21225"
"ESCO CORPORATION","2211 NW BREWER ST, PORTLAND, OR 97210","www.portlandcleanair.org/onsite_storage_3222"
"HERTZ CORP","4939 NE COLUMBIA BLVD, PORTLAND, OR 97218","www.portlandcleanair.org/onsite_storage_21052"
"DANNER SHOE MFG CO","18201 NE PORTAL WAY STE 101, PORTLAND, OR 97230","www.portlandcleanair.org/onsite_storage_2359"
"AMERIFLIGHT LLC","8580 NE 47TH AVE, PORTLAND, OR 97218","www.portlandcleanair.org/onsite_storage_33443"
"ROCKWOOD WATER PUD","19601 NE HALSEY, PORTLAND, OR 97230","www.portlandcleanair.org/onsite_storage_33717"
"OHSU","3181 SW SAM JACKSON PK RD, PORTLAND, OR 97239","www.portlandcleanair.org/onsite_storage_21057"
"WIDMER BROTHERS BREWING CO","1 N CENTER CT, PORTLAND, OR 97208","www.portlandcleanair.org/onsite_storage_65511"
"BUSHWACKER INC","6710 N CATLIN ST, PORTLAND, OR 97203","www.portlandcleanair.org/onsite_storage_3221"
"DEGESCH AMERICA INC","14024 NE AIRPORT WAY, PORTLAND, OR 97230","www.portlandcleanair.org/onsite_storage_21363"
"GALVANIZERS","2429 NW 29TH BLDG 14, PORTLAND, OR 97210","www.portlandcleanair.org/onsite_storage_68766"
"STENNO CARBON CO INC","6600 N ST LOUIS AVE, PORTLAND, OR 97203","www.portlandcleanair.org/onsite_storage_2549"
"BRIDGEPORT BREWING","4468 NW YEON, PORTLAND, OR 97210","www.portlandcleanair.org/onsite_storage_89391"
"GRESHAM SANITARY SERVICE","2131 NW BIRDSDALE AVE, GRESHAM, OR 97030","www.portlandcleanair.org/onsite_storage_33837"
"WILLAMETTE FENCE CO INC","11304 NE MARX, PORTLAND, OR 97220","www.portlandcleanair.org/onsite_storage_70503"
"PURATOS CORPORATION","15670 N LOMBARD, PORTLAND, OR 97203","www.portlandcleanair.org/onsite_storage_84184"
"PORT OF PORTLAND","11040 N LOMBARD, PORTLAND, OR 97203","www.portlandcleanair.org/onsite_storage_21382"
"CENTRAL GARDEN & PET CO","15750 N LOMBARD ST STE 200, PORTLAND, OR 97203","www.portlandcleanair.org/onsite_storage_21383"
"LANDMARK EQUIPMENT","7625 NE KILLINGSWORTH ST, PORTLAND, OR 97218","www.portlandcleanair.org/onsite_storage_22917"
"HD SUPPLY CONSTRUCTION LTD","920 NE 58TH AVE STE 900, PORTLAND, OR 97213","www.portlandcleanair.org/onsite_storage_106175"
"52ND AVE HARDWARE & SUPPLY","7100 SE 52ND AVE, PORTLAND, OR 97206","www.portlandcleanair.org/onsite_storage_36457"
"FERGUSON","9129 N TYNDALL, PORTLAND, OR 97217","www.portlandcleanair.org/onsite_storage_68745"
"WASTE MANAGEMENT OF OREGON","5330 NE SKYPORT WAY, PORTLAND, OR 97218","www.portlandcleanair.org/onsite_storage_33789"
"SSA MARINE","15550 N LOMBARD TRM 5, PORTLAND, OR 97203","www.portlandcleanair.org/onsite_storage_65241"
"SEARS","12402 NE MARX ST BLDG 3, PORTLAND, OR 97230","www.portlandcleanair.org/onsite_storage_84195"
"DEL MONTE FRESH PRODUCE NA INC","9243 N RIVERGATE BLVD, PORTLAND, OR 97203","www.portlandcleanair.org/onsite_storage_24812"
"ABC FIRE EXTINGUISHER INC","3201 SE 50TH AVE, PORTLAND, OR 97206","www.portlandcleanair.org/onsite_storage_24257"
"BI-MART CORPORATION","2800 NE HOGAN DR, GRESHAM, OR 97030","www.portlandcleanair.org/onsite_storage_81567"
"FOUR DECADES JEWELRY MFG","534 SW 3RD STE 602, PORTLAND, OR 97204","www.portlandcleanair.org/onsite_storage_363"
"OWENS CORNING ROOFING AND ASPHALT LLC","3750 NW YEON & 3605 NW, PORTLAND, OR 97210","www.portlandcleanair.org/onsite_storage_384"
"FREEMAN MOTOR COMPANY INC","0233 SW JULIA ST, PORTLAND, OR 97239","www.portlandcleanair.org/onsite_storage_104321"
"BERG CHRISTIAN ENTERPRISES","4525 SE 63RD AVE, PORTLAND, OR 97206","www.portlandcleanair.org/onsite_storage_4544"
"RON TONKIN MAZDA","750 SE 122ND AVE, PORTLAND, OR 97233","www.portlandcleanair.org/onsite_storage_24281"
"MUTUAL MATERIALS CO","2300 SE HOGAN RD, GRESHAM, OR 97080","www.portlandcleanair.org/onsite_storage_24776"
"PORTLAND BOTTLING COMPANY","1321 NE COUCH ST, PORTLAND, OR 97232","www.portlandcleanair.org/onsite_storage_20132"
"SAPA PROFILES INC","2210 NE RIVER SIDE WAY, PORTLAND, OR 97211","www.portlandcleanair.org/onsite_storage_24044"
"UROBOROS GLASS STUDIOS","2139 N KERBY AVE, PORTLAND, OR 97227","www.portlandcleanair.org/onsite_storage_4489"
"COLUMBIA CROSSINGS LLC","1940 N JANTZEN AVE, PORTLAND, OR 97217","www.portlandcleanair.org/onsite_storage_61910"
"RIVERSIDE GOLF & COUNTRY CLUB","2521 NE ELROD, PORTLAND, OR 97211","www.portlandcleanair.org/onsite_storage_24070"
"PORTLAND FOUNDRY INC","7715 NE 21ST AVE BLDG C, PORTLAND, OR 97211","www.portlandcleanair.org/onsite_storage_24067"
"METRO REGIONAL GOVERNMENT","6161 NW 61ST AVE, PORTLAND, OR 97210","www.portlandcleanair.org/onsite_storage_24770"
"POLY FLOW LLC","2668 NE RIVERSIDE WAY, PORTLAND, OR 97211","www.portlandcleanair.org/onsite_storage_86849"
"SUNSHINE DAIRY","801 NE 21ST, PORTLAND, OR 97232","www.portlandcleanair.org/onsite_storage_61"
"OSMOSE UTILITIES SERVICES INC","10747 NE SIMPSON AVE, PORTLAND, OR 97220","www.portlandcleanair.org/onsite_storage_24600"
"OWENS CORNING ROOFING AND ASPHALT LLC","11910 NW ST HELENS RD, PORTLAND, OR 97231","www.portlandcleanair.org/onsite_storage_19133"
"TUBE SPECIALTIES CO","1459 NW SUNDIAL RD, TROUTDALE, OR 97060","www.portlandcleanair.org/onsite_storage_4780"
"COLOR FX","7561 NE 33RD DR, PORTLAND, OR 97211","www.portlandcleanair.org/onsite_storage_86246"
"PORTLAND COMMUNITY COLLEGE","2315 SE 82ND AVE, PORTLAND, OR 97215","www.portlandcleanair.org/onsite_storage_42825"
"KAISER PERMANENTE","3600 N INTERSTATE AVE, PORTLAND, OR 97227","www.portlandcleanair.org/onsite_storage_24"
"INDUSTRIAL SOURCE","6330 SE 101ST AVE, PORTLAND, OR 97266","www.portlandcleanair.org/onsite_storage_24313"
"PORTLAND CITY OF","6445 SE SALMON ST, PORTLAND, OR 97215","www.portlandcleanair.org/onsite_storage_19529"
"PORTLAND CITY OF","2521 SW MURRAY, PORTLAND, OR 97201","www.portlandcleanair.org/onsite_storage_19531"
"ROSS ISLAND SAND & GRAVEL","4315 SE MCLOUGHLIN BLVD, PORTLAND, OR 97202","www.portlandcleanair.org/onsite_storage_4698"
"PENTAGON TECHNOLOGIES GROUP INC","5830 NE 112TH AVE, PORTLAND, OR 97220","www.portlandcleanair.org/onsite_storage_86671"
"PYRAMID BREWING INC","2730 NW 31ST AVE, PORTLAND, OR 97210","www.portlandcleanair.org/onsite_storage_24339"
"BLUE BEACON OF PORTLAND","10244 N VANCOUVER WAY, PORTLAND, OR 97217","www.portlandcleanair.org/onsite_storage_24334"
"PORTLAND CITY OF","16400 NE AIRPORT WAY, PORTLAND, OR 97230","www.portlandcleanair.org/onsite_storage_19526"
"TEMCO LLC","800 N RIVER ST, PORTLAND, OR 97227","www.portlandcleanair.org/onsite_storage_24309"
"PARR LUMBER COMPANY","1320 NW 19TH AVE, PORTLAND, OR 97209","www.portlandcleanair.org/onsite_storage_24300"
"PORTLAND CITY OF","3150 N MISSISSIPPI, PORTLAND, OR 97227","www.portlandcleanair.org/onsite_storage_19560"
"ROSS ISLAND SAND & GRAVEL CO","4315 SE MCLOUGHLIN BLVD, PORTLAND, OR 97202","www.portlandcleanair.org/onsite_storage_4702"
"MULTNOMAH UNIVERSITY","8435 NE GLISAN, PORTLAND, OR 97220","www.portlandcleanair.org/onsite_storage_42792"
"UNIVERSITY OF PORTLAND","5000 N WILLAMETTE BLVD, PORTLAND, OR 97203","www.portlandcleanair.org/onsite_storage_42786"
"KINDER MORGAN BULK TERMINALS","11040 N LOMBARD T-4 P-4, PORTLAND, OR 97203","www.portlandcleanair.org/onsite_storage_24440"
"PORTLAND CITY OF","1221 SW 1ST AVE, PORTLAND, OR 97204","www.portlandcleanair.org/onsite_storage_24424"
"JL INDUSTRIES INC","802 SE 199TH AVE, PORTLAND, OR 97233","www.portlandcleanair.org/onsite_storage_195"
"ROSS ISLAND SAND & GRAVEL CO","2611 SE 4TH AVE, PORTLAND, OR 97214","www.portlandcleanair.org/onsite_storage_4700"
"PORTLAND WATERBUREAU","6704 SE COTTRELL RD, GRESHAM, OR 97080","www.portlandcleanair.org/onsite_storage_19525"
"FLOOR FACTORS INC","1320 NW 17TH AVE, PORTLAND, OR 97209","www.portlandcleanair.org/onsite_storage_24290"
"PARDUE RESTORATION","3427 SE 22ND, PORTLAND, OR 97202","www.portlandcleanair.org/onsite_storage_67019"
"BRIDGETOWN PRINTING CO","5300 N CHANNEL AVE, PORTLAND, OR 97217","www.portlandcleanair.org/onsite_storage_1207"
"FLINT GROUP NORTH AMERICA","10653 N LOMBARD ST, PORTLAND, OR 97203","www.portlandcleanair.org/onsite_storage_4211"
"WILL H KNOX CO INC","6034 NE 60TH AVE, PORTLAND, OR 97218","www.portlandcleanair.org/onsite_storage_26908"
"ROSE HEATING COMPANY","9945 NE 6TH DR, PORTLAND, OR 97211","www.portlandcleanair.org/onsite_storage_27093"
"INTEGRATED POWER SERVICES LLC","2315 NW 21ST PL, PORTLAND, OR 97210","www.portlandcleanair.org/onsite_storage_1301"
"PACIFIC PAPER TUBE INC","8611 N COLUMBIA BLVD, PORTLAND, OR 97203","www.portlandcleanair.org/onsite_storage_84882"
"WIDMER BROS BREWING CO","929 N RUSSELL ST, PORTLAND, OR 97227","www.portlandcleanair.org/onsite_storage_4250"
"TCI AMERICA","9222 N HARBORGATE ST, PORTLAND, OR 97203","www.portlandcleanair.org/onsite_storage_20389"
"SHELL CORE SPECIALTIES","2516 NW 29TH AVE BLDG 8, PORTLAND, OR 97210","www.portlandcleanair.org/onsite_storage_1009"
"HIGH PURITY PRODUCTS","14157 NE AIRPORT WAY, PORTLAND, OR 97230","www.portlandcleanair.org/onsite_storage_23591"
"PORTLAND POWDER COATING INC","4740 SE 25TH AVE, PORTLAND, OR 97202","www.portlandcleanair.org/onsite_storage_27502"
"LANDCARE","22901 NE SANDY BLVD, FAIRVIEW, OR 97024","www.portlandcleanair.org/onsite_storage_20536"
"PORTLAND VOLKSWAGEN HYUNDAI","12345 E BURNSIDE, PORTLAND, OR 97233","www.portlandcleanair.org/onsite_storage_23202"
"CONTECHEM INC","10761 N LOMBARD, PORTLAND, OR 97203","www.portlandcleanair.org/onsite_storage_20576"
"GRIFFITH RUBBER MILLS","2625 NW INDUSTRIAL, PORTLAND, OR 97210","www.portlandcleanair.org/onsite_storage_4033"
"SUNSHINE DAIRY","8440 NE HALSEY, PORTLAND, OR 97220","www.portlandcleanair.org/onsite_storage_23276"
"R R DONNELLEY NORWEST INC","17401 NE HALSEY, PORTLAND, OR 97230","www.portlandcleanair.org/onsite_storage_4183"
"TRIMET","4400 SE 17TH AVE, PORTLAND, OR 97202","www.portlandcleanair.org/onsite_storage_20460"
"TRIMET","9800 SE POWELL BLVD, PORTLAND, OR 97266","www.portlandcleanair.org/onsite_storage_20461"
"TRIMET","2222 NW ELEVEN MILE AVE, GRESHAM, OR 97030","www.portlandcleanair.org/onsite_storage_20465"
"GENERAL GLASS COMPANY INC","6763 NE 59TH PL STE 7, PORTLAND, OR 97218","www.portlandcleanair.org/onsite_storage_62134"
"MACS RADIATOR","4332 SE 62ND RD, PORTLAND, OR 97206","www.portlandcleanair.org/onsite_storage_62154"
"OVERHEAD DOOR CORP","5511 SE 26TH, PORTLAND, OR 97202","www.portlandcleanair.org/onsite_storage_4161"
"NU-WAY PRINTING & ENV CO","306 SE 8TH AVE, PORTLAND, OR 97214","www.portlandcleanair.org/onsite_storage_1154"
"NRC ENVIRONMENTAL SERVICES INC","6211 N ENSIGN ST, PORTLAND, OR 97217","www.portlandcleanair.org/onsite_storage_23870"
"PORT OF PORTLAND","999 NW FRONTAGE RD, TROUTDALE, OR 97060","www.portlandcleanair.org/onsite_storage_20276"
"BI-MART CORPORATION","12321 NE HALSEY ST, PORTLAND, OR 97230","www.portlandcleanair.org/onsite_storage_81629"
"SCHNEIDER NATIONAL LESSEE","12986 NE WHITAKER WAY, PORTLAND, OR 97230","www.portlandcleanair.org/onsite_storage_20281"
"PRAXAIR INC","16834 NE MASON CT, PORTLAND, OR 97230","www.portlandcleanair.org/onsite_storage_85420"
"WILLAMETTE GRAYSTONE INC","2405 NE 244TH, WOOD VILLAGE, OR 97060","www.portlandcleanair.org/onsite_storage_713"
"VENTURA FOODS LLC","9000 NE MARX DR, PORTLAND, OR 97220","www.portlandcleanair.org/onsite_storage_724"
"DAVEY TREE EXPERT CO","5838 NE COLUMBIA, PORTLAND, OR 97218","www.portlandcleanair.org/onsite_storage_25498"
"DARLING INGREDIENTS INC","9901 HURST AVE, PORTLAND, OR 97217","www.portlandcleanair.org/onsite_storage_87112"
"ANDERSEN CONSTRUCTION CO INC","6712 N CUTTER CIR, PORTLAND, OR 97217","www.portlandcleanair.org/onsite_storage_25956"
"TOYO TANSO USA INC","2575 NW GRAHAM CIR, TROUTDALE, OR 97060","www.portlandcleanair.org/onsite_storage_20214"
"SHRINERS HOSPITALS","3101 SW SAM JACKSON PK RD, PORTLAND, OR 97239","www.portlandcleanair.org/onsite_storage_23788"
"TRIMET","2800 NW NELA AVE, PORTLAND, OR 97210","www.portlandcleanair.org/onsite_storage_23929"
"BI-MART CORPORATION","4315 SE WOODSTOCK, PORTLAND, OR 97206","www.portlandcleanair.org/onsite_storage_81630"
"GRESHAM CITY OF","2123 SE HOGAN RD, GRESHAM, OR 97080","www.portlandcleanair.org/onsite_storage_24860"
"JACOBSON COMPANY","7409 N LEADBETTER RD, PORTLAND, OR 97203","www.portlandcleanair.org/onsite_storage_111850"
"RIP CITY MANAGEMENT","1 N CENTER COURT DR STE 200, PORTLAND, OR 97227","www.portlandcleanair.org/onsite_storage_112054"
"HOUSE SPIRITS DISTILLERY LLC","65 SE WASHINGTON ST, PORTLAND, OR 97214","www.portlandcleanair.org/onsite_storage_111973"
"MALLORY SAFETY & SUPPLY LLC","2135 NW 21ST AVE, PORTLAND, OR 97209","www.portlandcleanair.org/onsite_storage_120697"
"ARCHITECTURAL CASTINGS","4701 SE 24TH AVE, PORTLAND, OR 97202","www.portlandcleanair.org/onsite_storage_119644"
"ENCORE OILS LLC","3333 NW 35TH AVE BLDG D, PORTLAND, OR 97210","www.portlandcleanair.org/onsite_storage_119959"
"SOTELO LAWNCARE COMPANY","6620 N RICHMOND ST, PORTLAND, OR 97203","www.portlandcleanair.org/onsite_storage_109375"
"HARRIS REBAR SEATTLE INC","2727 NW 35TH AVE, PORTLAND, OR 97210","www.portlandcleanair.org/onsite_storage_109190"
"ARCTIC GLACIER USA INC","909 N COLUMBIA BLVD STE C, PORTLAND, OR 97217","www.portlandcleanair.org/onsite_storage_112672"
"REUSABLE CONTAINER COMPANY LLC","7543 N UPLAND DR, PORTLAND, OR 97203","www.portlandcleanair.org/onsite_storage_120558"
"JKC GRESHAM AUTOMOTIVE INC","3265 SW SUNDIAL AVE, TROUTDALE, OR 97060","www.portlandcleanair.org/onsite_storage_120543"
"MARYS HARVEST FRESH FOODS INC","2705 NE ARGYLE ST, PORTLAND, OR 97211","www.portlandcleanair.org/onsite_storage_120539"
"NATURE SAFE LAND CARE INC","18321 SE GIESE RD, GRESHAM, OR 97030","www.portlandcleanair.org/onsite_storage_120311"
"TROUTDALE WEST WAREHOUSE","463 PERIMETER WAY DOOR 7, TROUTDALE, OR 97060","www.portlandcleanair.org/onsite_storage_112376"
"TARR LLC","2946 NE COLUMBIA BLVD, PORTLAND, OR 97211","www.portlandcleanair.org/onsite_storage_111145"
"OXARC INC","19310 NE SAN RAFAEL ST, GRESHAM, OR 97230","www.portlandcleanair.org/onsite_storage_120947"
"GRAZIANO FOODSERVICE INC","302 SE WASHINGTON ST, PORTLAND, OR 97214","www.portlandcleanair.org/onsite_storage_120922"
"COACH GLASS AUTOMOTIVE","20017 NE SAN RAFAEL ST, PORTLAND, OR 97230","www.portlandcleanair.org/onsite_storage_110680"
"NW NATURAL GAS CO","7900 NW ST. HELENS RD, PORTLAND, OR 97210","www.portlandcleanair.org/onsite_storage_120964"
"EXPEDITORS INTERNATIONAL OF WA INC","2530 N MARINE DR BLDG C, PORTLAND, OR 97217","www.portlandcleanair.org/onsite_storage_110582"
"LAKESIDE INDUSTRIES","6400 SE 101ST AVE, PORTLAND, OR 97266","www.portlandcleanair.org/onsite_storage_110850"
"PRESSURE SAFE LLC","23365 NE HALSEY ST, WOOD VILLAGE, OR 97294","www.portlandcleanair.org/onsite_storage_120913"
"SUPPLY WORKS","2898 NE 181ST AVE BLDG F, PORTLAND, OR 97230","www.portlandcleanair.org/onsite_storage_110371"
"INDUSTRIAL FUMIGANT COMPANY LLC","21414 NE SANDY BLVD, FAIRVIEW, OR 97024","www.portlandcleanair.org/onsite_storage_120970"
"BAKEMARK USA","19963 NE SAN RAFAEL, PORTLAND, OR 97230","www.portlandcleanair.org/onsite_storage_121026"
"TARGET CORPORATION","600 SW 10TH ST, PORTLAND, OR 97205","www.portlandcleanair.org/onsite_storage_120750"
"TARGET CORPORATION","1500 N HAYDEN ISLAND DR, PORTLAND, OR 97217","www.portlandcleanair.org/onsite_storage_120749"
"M & N PLASTICS","9750 E BURNSIDE, PORTLAND, OR 97216","www.portlandcleanair.org/onsite_storage_111828"
"UNIVAR USA INC","2901 NW FRONT AVE STE D, PORTLAND, OR 97210","www.portlandcleanair.org/onsite_storage_111832"
"ORCHARD SUPPLY COMPANY LLC","4030 NE HALSEY ST, PORTLAND, OR 97232","www.portlandcleanair.org/onsite_storage_120867"
"OREGON SOAP CO","12773 NE WHITAKER WAY, PORTLAND, OR 97230","www.portlandcleanair.org/onsite_storage_120856"
"ORCHARD SUPPLY COMPANY LLC","9770 SW SCHOLLS FERRY RD, TIGARD, OR 97223","www.portlandcleanair.org/onsite_storage_120827"
"ARNPRIOR AEROSPACE PORTLAND INC","17383 NE SACRAMENTO ST, PORTLAND, OR 97230","www.portlandcleanair.org/onsite_storage_120841"
"HIGH PURITY PRODUCTS","5740 NW FRONT AVE, PORTLAND, OR 97210","www.portlandcleanair.org/onsite_storage_120858"
"PAVING MAINTENANCE SUPPLY INC","2224 NE ARGYLE ST, PORTLAND, OR 97211","www.portlandcleanair.org/onsite_storage_114451"
"COLORCENTRIC CORPORATION","4152 NE 185TH DR, GRESHAM, OR 97230","www.portlandcleanair.org/onsite_storage_118029"
"ADVANCED PRECISION ANODIZING INC","2233 NE 244TH AVE, WOOD VILLAGE, OR 97060","www.portlandcleanair.org/onsite_storage_118329"
"ICTSI OREGON","7201 N MARINE DR, PORTLAND, OR 97203","www.portlandcleanair.org/onsite_storage_118312"
"GALVANIZERS COMPANY","2455 NW 29TH AVE, PORTLAND, OR 97210","www.portlandcleanair.org/onsite_storage_114191"
"RECOLOGY OREGON RECOVERY INC","6161 NW 61ST AVE, PORTLAND, OR 97210","www.portlandcleanair.org/onsite_storage_118041"
"OREGON CRYSTAL TECHNOLOGIES","17905 NE SANDY BLVD, GRESHAM, OR 97230","www.portlandcleanair.org/onsite_storage_119028"
"OWENS CORNING FOAM INSULATION","18456 NE WILKES RD, PORTLAND, OR 97230","www.portlandcleanair.org/onsite_storage_115944"
"PORTLAND BOTTLING COMPANY","234 NE 12TH AVE, PORTLAND, OR 97232","www.portlandcleanair.org/onsite_storage_118105"
"HORIZON AIR INDUSTRIES","8120 NE AIR CARGO RD, PORTLAND, OR 97218","www.portlandcleanair.org/onsite_storage_114142"
"PORT OF PORTLAND","6440 NE 82ND AVE, PORTLAND, OR 97208","www.portlandcleanair.org/onsite_storage_114159"
"SPECIALIZED TRANSPORT SERVICE LLC","3601 NW MARINE DR, TROUTDALE, OR 97060","www.portlandcleanair.org/onsite_storage_107141"
"PETERSON MACHINERY CO","4421 NE COLUMBIA BLVD, PORTLAND, OR 97218","www.portlandcleanair.org/onsite_storage_118121"
"BLAST ALL FINISHING LLC","3900 NE BRYANT ST, PORTLAND, OR 97211","www.portlandcleanair.org/onsite_storage_120070"
"NATIAN BREWERY","1321 NE COUCH ST, PORTLAND, OR 97232","www.portlandcleanair.org/onsite_storage_118106"
"VIGOR FAB LLC","5555 N CHANNEL AVE, PORTLAND, OR 97217","www.portlandcleanair.org/onsite_storage_108192"
"TARGET CORPORATION","9401 NE CASCADES PKWY, PORTLAND, OR 97220","www.portlandcleanair.org/onsite_storage_117604"
"PORTLAND CHIMNEY INC","1439 SE 122ND AVE, PORTLAND, OR 97233","www.portlandcleanair.org/onsite_storage_117231"
"PORT OF PORTLAND","10150 NE 33RD AVE, PORTLAND, OR 97218","www.portlandcleanair.org/onsite_storage_119214"
"C F PLASTICS INC","2630B SE 39TH LOOP, HILLSBORO, OR 97123","www.portlandcleanair.org/onsite_storage_3863"
"INTEL CORPORATION","23225 NW EVERGREEN PKWY, HILLSBORO, OR 97124","www.portlandcleanair.org/onsite_storage_81739"
"HINES GROWERS INC","45296 SW RITCHEY RD, FOREST GROVE, OR 97116","www.portlandcleanair.org/onsite_storage_20488"
"CASCADE MICROTECH","9100 SW GEMINI, BEAVERTON, OR 97008","www.portlandcleanair.org/onsite_storage_62263"
"HINES GROWERS INC","RT 2 DOBER RD, CORNELIUS, OR 97113","www.portlandcleanair.org/onsite_storage_20491"
"TIGARD-TUALATIN SCHOOL DIST23J","9000 SW DURHAM RD, TIGARD, OR 97224","www.portlandcleanair.org/onsite_storage_41897"
"INTEL CORPORATION","2501 229TH AVE NW, HILLSBORO, OR 97124","www.portlandcleanair.org/onsite_storage_62201"
"VWR INTERNATIONAL LLC 4","12350 SW TUALATIN RD, TUALATIN, OR 97062","www.portlandcleanair.org/onsite_storage_62200"
"HINES GROWERS INC","37710 SW NURSERY RD, CORNELIUS, OR 97113","www.portlandcleanair.org/onsite_storage_20490"
"TRUGREEN LANDCARE","26020 NW EVERGREEN, HILLSBORO, OR 97124","www.portlandcleanair.org/onsite_storage_20504"
"SHOWPLACE LANDSCAPE SVCS INC","25925 SW GRAHAMS FERRY RD, SHERWOOD, OR 97140","www.portlandcleanair.org/onsite_storage_63097"
"GRASS AUTHORITY INC THE","15575 SW 74TH AVE STE 3, TIGARD, OR 97224","www.portlandcleanair.org/onsite_storage_63347"
"MCKAY CREEK GOLF COURSE INC","1416 NW JACKSON ST, HILLSBORO, OR 97124","www.portlandcleanair.org/onsite_storage_62862"
"GLOBAL AVIATION INC","2250 NE 25TH AVE, HILLSBORO, OR 97124","www.portlandcleanair.org/onsite_storage_62716"
"KAISER PERMANENTE","19185 SW 90TH, TUALATIN, OR 97062","www.portlandcleanair.org/onsite_storage_82085"
"PRO-GRO MIXES INC","26045 SW GRAHAMS FERRY RD, SHERWOOD, OR 97140","www.portlandcleanair.org/onsite_storage_3783"
"PORT OF PORTLAND","1040 NE 25TH, HILLSBORO, OR 97214","www.portlandcleanair.org/onsite_storage_20813"
"BARRIER CORPORATION","9908 SW TIGARD ST, TIGARD, OR 97223","www.portlandcleanair.org/onsite_storage_3667"
"TEKTRONIX INC","13600 SW KARL BRAUN DR, BEAVERTON, OR 97077","www.portlandcleanair.org/onsite_storage_20854"
"MERIWETHER NATIONAL GOLF","5200 SW ROOD BRIDGE RD, HILLSBORO, OR 97123","www.portlandcleanair.org/onsite_storage_41783"
"TRIMET","16130 SW MERLO RD, BEAVERTON, OR 97006","www.portlandcleanair.org/onsite_storage_39678"
"GROUNDS MAINTENANCE OF OR INC","23050 SW 82ND AVE, TUALATIN, OR 97062","www.portlandcleanair.org/onsite_storage_9385"
"TUALATIN HILLS PARK & REC","3500 SW 78TH, PORTLAND, OR 97225","www.portlandcleanair.org/onsite_storage_19090"
"TUALATIN HILLS PARK & REC","18300 NW PARKVIEW BLVD, PORTLAND, OR 97229","www.portlandcleanair.org/onsite_storage_19089"
"PROFESSIONAL GROUNDS MGMT","28335 NW EVERGREEN RD, HILLSBORO, OR 97124","www.portlandcleanair.org/onsite_storage_60669"
"TUALATIN COUNTRY CLUB","9145 SW TUALATIN RD, TUALATIN, OR 97062","www.portlandcleanair.org/onsite_storage_43236"
"BI-MART CORPORATION","2075 SE TV HWY, HILLSBORO, OR 97123","www.portlandcleanair.org/onsite_storage_80945"
"PORTLAND GOLF CLUB","5900 SW SCHOLLS FERRY RD, PORTLAND, OR 97225","www.portlandcleanair.org/onsite_storage_43233"
"CASCADE SYSTEMS TECHNOLOGY INC","23176 NW BENNETT ST, HILLSBORO, OR 97124","www.portlandcleanair.org/onsite_storage_43081"
"TUALATIN HILLS PARK & REC","15707 SW WALKER RD, BEAVERTON, OR 97006","www.portlandcleanair.org/onsite_storage_19093"
"TEKTRONIX INC","13955 SW TERMAN DR, BEAVERTON, OR 97077","www.portlandcleanair.org/onsite_storage_19110"
"TUALATIN HILLS PARK & REC","7300 SW SCHOLLS FERRY RD, BEAVERTON, OR 97008","www.portlandcleanair.org/onsite_storage_19094"
"TEKTRONIX INC","13900 SW KARL BRAUN DR, BEAVERTON, OR 97007","www.portlandcleanair.org/onsite_storage_19108"
"TEKTRONIX INC","13700 SW KARL BRAUN DR, BEAVERTON, OR 97005","www.portlandcleanair.org/onsite_storage_19107"
"PACIFIC FOODS OF OREGON INC","9735 SW TUALATIN SHRWD RD, TUALATIN, OR 97062","www.portlandcleanair.org/onsite_storage_80776"
"PACIFIC FOODS OF OREGON INC","19300 SW TETON AVE, TUALATIN, OR 97062","www.portlandcleanair.org/onsite_storage_80777"
"COSTCO WHOLESALE","7850 SW DARTMOUTH, TIGARD, OR 97223","www.portlandcleanair.org/onsite_storage_80766"
"COSTCO WHOLESALE","15901 SW JENKINS RD, ALOHA, OR 97006","www.portlandcleanair.org/onsite_storage_80762"
"HENRY SCHEIN ANIMAL HEALTH","19905 SW 95TH AVE, TUALATIN, OR 97062","www.portlandcleanair.org/onsite_storage_43322"
"OHSU","505 NW 185TH AVE, BEAVERTON, OR 97006","www.portlandcleanair.org/onsite_storage_18856"
"HILLSBORO CITY OF","953 SE MAPLE ST, HILLSBORO, OR 97123","www.portlandcleanair.org/onsite_storage_80899"
"FOREST HILLS GOLF COURSE","36260 SW TONGUE LN, CORNELIUS, OR 97113","www.portlandcleanair.org/onsite_storage_43255"
"WILCO-WINFIELD LLC","986 N HOLLADAY ST, CORNELIUS, OR 97113","www.portlandcleanair.org/onsite_storage_18943"
"OREGON BERRY PACKING INC","6000 SW MINTER BRIDGE RD, HILLSBORO, OR 97123","www.portlandcleanair.org/onsite_storage_18977"
"KING CITY GOLF COURSE","16060 SW KING CHARLES, PORTLAND, OR 97224","www.portlandcleanair.org/onsite_storage_43259"
"QUAIL VALLEY GOLF COURSE","12565 NW AERTS RD, BANKS, OR 97106","www.portlandcleanair.org/onsite_storage_43263"
"BPA","4123 NW RICKEY TERR, HILLSBORO, OR 97124","www.portlandcleanair.org/onsite_storage_19182"
"JAE OREGON INC","11555 SW LEVETON DR, TUALATIN, OR 97062","www.portlandcleanair.org/onsite_storage_20025"
"SUBURBAN PLATING LLC","13019 SW HERMAN RD, TUALATIN, OR 97062","www.portlandcleanair.org/onsite_storage_104456"
"BI-MART CORPORATION","3225 PACIFIC AVE, FOREST GROVE, OR 97116","www.portlandcleanair.org/onsite_storage_81572"
"BI-MART CORPORATION","5975 SW 185TH AVE, ALOHA, OR 97007","www.portlandcleanair.org/onsite_storage_81570"
"BONITA PIONEER","7333 SW BONITA RD, PORTLAND, OR 97224","www.portlandcleanair.org/onsite_storage_20210"
"GRIFFITH POLYMERS INC","10500 SW MANHASSET DR, TUALATIN, OR 97062","www.portlandcleanair.org/onsite_storage_4173"
"KNIFE RIVER","699 SW WOOD ST, HILLSBORO, OR 97123","www.portlandcleanair.org/onsite_storage_104705"
"TRIMET","16250 SW JENKINS RD, BEAVERTON, OR 97006","www.portlandcleanair.org/onsite_storage_62117"
"PACIFIC FOODS OF OREGON INC","19550 SW 97TH AVE, TUALATIN, OR 97062","www.portlandcleanair.org/onsite_storage_62084"
"BI-MART CORPORATION","13500 SW PACIFIC HWY STE 70, TIGARD, OR 97223","www.portlandcleanair.org/onsite_storage_81564"
"TUALATIN VALLEY WATER DISTRICT","9500 SW INGLEWOOD, BEAVERTON, OR 97225","www.portlandcleanair.org/onsite_storage_19497"
"TUALATIN VALLEY WATER DISTRICT","11285 SW CENTER ST, BEAVERTON, OR 97005","www.portlandcleanair.org/onsite_storage_19498"
"MICNELF USA INC","2020 NW ALOCLEK DR STE 122, HILLSBORO, OR 97124","www.portlandcleanair.org/onsite_storage_104340"
"GREENSCAPES LAWN TREE & PLANT","8900 SW BURNHAM ST STE E105, TIGARD, OR 97223","www.portlandcleanair.org/onsite_storage_81290"
"RESERVE VINEYARDS GOLF CRS THE","4805 SW 229TH AVE, ALOHA, OR 97007","www.portlandcleanair.org/onsite_storage_61816"
"ALLIANCE PACKAGING","23035 NW JACOBSON DR, HILLSBORO, OR 97124","www.portlandcleanair.org/onsite_storage_4620"
"H W METAL PRODUCTS","19480 SW 118TH, TUALATIN, OR 97062","www.portlandcleanair.org/onsite_storage_4602"
"LEGACY MERIDIAN PARK HOSPITAL","19300 SW 65TH AVE, TUALATIN, OR 97062","www.portlandcleanair.org/onsite_storage_23189"
"TVT DIE CASTING & MFG INC","7330 SW LANDMARK LN, PORTLAND, OR 97224","www.portlandcleanair.org/onsite_storage_1476"
"BEAVERTON CITY OF","9600 SW ALLEN BLVD, BEAVERTON, OR 97005","www.portlandcleanair.org/onsite_storage_63743"
"SUBSURFACE TECHNOLOGIES","11100 NW GORDON RD, NORTH PLAINS, OR 97133","www.portlandcleanair.org/onsite_storage_29455"
"ROCKMORE INTERNATIONAL INC","10065 SW COMMERCE CIR, WILSONVILLE, OR 97070","www.portlandcleanair.org/onsite_storage_1199"
"POWDER TECH INC","9900 SW HERMAN RD, TUALATIN, OR 97062","www.portlandcleanair.org/onsite_storage_68051"
"TRANE OREGON SERVICE CO","7257 SW KABLE LN, PORTLAND, OR 97224","www.portlandcleanair.org/onsite_storage_26672"
"TUALATIN VALLEY WATER DISTRICT","2787 SW 75TH, HILLSBORO, OR 97123","www.portlandcleanair.org/onsite_storage_68104"
"WILSONVILLE CONCRETE PROD","6700 SW 110TH CT, BEAVERTON, OR 97005","www.portlandcleanair.org/onsite_storage_31636"
"WILLAMETTE RESOURCES INC","10295 SW RIDDER RD, WILSONVILLE, OR 97070","www.portlandcleanair.org/onsite_storage_22834"
"SUNBURST PRODUCTS INC","10054 SW ARCTIC DR, BEAVERTON, OR 97005","www.portlandcleanair.org/onsite_storage_31364"
"ELECTRO SCIENTIFIC INDUSTRIES","13900 NW SCIENCE PARK DR, PORTLAND, OR 97229","www.portlandcleanair.org/onsite_storage_68495"
"GM NAMEPLATE","13725 SW MILLIKAN WAY, BEAVERTON, OR 97005","www.portlandcleanair.org/onsite_storage_31458"
"INTERNATIONAL PAPER","5800 SW WESTERN, BEAVERTON, OR 97005","www.portlandcleanair.org/onsite_storage_30561"
"INSERTA FITTINGS CO","3707 24TH AVE, FOREST GROVE, OR 97116","www.portlandcleanair.org/onsite_storage_31728"
"OROWEAT","10750 SW 5TH, BEAVERTON, OR 97005","www.portlandcleanair.org/onsite_storage_2049"
"ALBINA PIPE BENDING CO","12080 SW MYSLONY, TUALATIN, OR 97062","www.portlandcleanair.org/onsite_storage_1835"
"CHICK A DEE GARDENS NURSERY INC","24130 SW GRAHAMS FERRY RD, SHERWOOD, OR 97140","www.portlandcleanair.org/onsite_storage_22617"
"AIR LIQUIDE AMERICA","10450 SW TUALATIN SHRWD RD, TUALATIN, OR 97062","www.portlandcleanair.org/onsite_storage_1795"
"R & S NURSERY INC","28159 SW RAYNARD RD, HILLSBORO, OR 97123","www.portlandcleanair.org/onsite_storage_22519"
"GOLD HILL NURSERY LLC","24700 SW TILE FLAT RD, HILLSBORO, OR 97123","www.portlandcleanair.org/onsite_storage_22518"
"OLIGOS ETC INC","9775 SW COMMERCE CIR STE C-6, WILSONVILLE, OR 97070","www.portlandcleanair.org/onsite_storage_22514"
"STANDARD MULTIWALL BAG MFG CO","1800 SW MERLO, BEAVERTON, OR 97006","www.portlandcleanair.org/onsite_storage_30558"
"FUJIMI CORPORATION","11200 SW LEVETON DR, TUALATIN, OR 97062","www.portlandcleanair.org/onsite_storage_66267"
"BONITA PIONEER PACKAGING","7400 SW LANDMARK LN, PORTLAND, OR 97224","www.portlandcleanair.org/onsite_storage_24003"
"RELIABLE TRANSMISSION","3695 SW 185TH AVE, ALOHA, OR 97078","www.portlandcleanair.org/onsite_storage_23967"
"JOHNSTONE SUPPLY OF TIGARD","16650 SW 72ND AVE 100, TIGARD, OR 97224","www.portlandcleanair.org/onsite_storage_24784"
"ARCIS CORP","10680 NW 289TH PL, NORTH PLAINS, OR 97133","www.portlandcleanair.org/onsite_storage_85152"
"HORIZON","8250 SW HUNZIKER RD STE C, TIGARD, OR 97223","www.portlandcleanair.org/onsite_storage_86662"
"GENERAL TREE SERVICE","6795 SW 111TH AVE, BEAVERTON, OR 97008","www.portlandcleanair.org/onsite_storage_25656"
"PGE","2213 SW 153RD DR, BEAVERTON, OR 97006","www.portlandcleanair.org/onsite_storage_67071"
"LANDDCARE","7920 SW HUNZIKER ST, TIGARD, OR 97223","www.portlandcleanair.org/onsite_storage_25036"
"COFFEE CREEK CORRECTIONAL FACILITY","24499 SW GRAHAMS FERRY RD, WILSONVILLE, OR 97070","www.portlandcleanair.org/onsite_storage_87091"
"TUALATIN VALLEY WATER DISTRICT","4735 CORNELIUS PASS RD, HILLSBORO, OR 97124","www.portlandcleanair.org/onsite_storage_85183"
"BARRIER CORPORATION","9814 SW TIGARD ST, TIGARD, OR 97223","www.portlandcleanair.org/onsite_storage_84614"
"BANKS MANUFACTURING LLC","13662 NW COMMERCE ST, BANKS, OR 97106","www.portlandcleanair.org/onsite_storage_1018"
"HILLSBORO CITY OF","4475 SW FERNHILL RD, FOREST GROVE, OR 97116","www.portlandcleanair.org/onsite_storage_24895"
"AIR PRODUCTS","19955 SW TETON AVE, TUALATIN, OR 97062","www.portlandcleanair.org/onsite_storage_23952"
"JIFFY LUBE","15930 SW TUALATIN SHRWD RD, SHERWOOD, OR 97140","www.portlandcleanair.org/onsite_storage_86956"
"CLEAN WATER SERVICES","2025 SW MERLO CT, BEAVERTON, OR 97006","www.portlandcleanair.org/onsite_storage_23586"
"TOKYO OHKA KOGYO AMERICA INC","4600 NW BROOKWOOD PKWY, HILLSBORO, OR 97124","www.portlandcleanair.org/onsite_storage_24897"
"NORTEK AIR SOLUTIONS","19855 SW 124TH AVE, TUALATIN, OR 97062","www.portlandcleanair.org/onsite_storage_85414"
"TUFCOAT","12345 SW MYSLONY ST, TUALATIN, OR 97062","www.portlandcleanair.org/onsite_storage_862"
"AMMCON CORP","21450 W UNION RD, HILLSBORO, OR 97124","www.portlandcleanair.org/onsite_storage_889"
"OREGON COLLEGE OF ART & CRAFT","8245 SW BARNES RD, PORTLAND, OR 97225","www.portlandcleanair.org/onsite_storage_87052"
"TEREX SERVICES","12805 SW 77TH PL, TIGARD, OR 97223","www.portlandcleanair.org/onsite_storage_35089"
"PAPƒ MACHINERY","3793 BASELINE ST, CORNELIUS, OR 97113","www.portlandcleanair.org/onsite_storage_35113"
"DEQ","3150 NW 229TH AVE STE 150, HILLSBORO, OR 97124","www.portlandcleanair.org/onsite_storage_2842"
"PRINTGRAPHICS INC","10950 SW 5TH ST STE 310, BEAVERTON, OR 97005","www.portlandcleanair.org/onsite_storage_3024"
"BI-MART CORPORATION","4750 SW WESTERN AVE, BEAVERTON, OR 97005","www.portlandcleanair.org/onsite_storage_83347"
"BANKS CITY OF","41700 BANKS RD, BANKS, OR 97106","www.portlandcleanair.org/onsite_storage_21570"
"SUMITOMO ELECTRIC SEMICONDUCT","7230 NW EVERGREEN PKWY, HILLSBORO, OR 97124","www.portlandcleanair.org/onsite_storage_83176"
"STEVENS MARINE INC","9180 SW BURNHAM ST, TIGARD, OR 97223","www.portlandcleanair.org/onsite_storage_70292"
"COLUMBIA CORRUGATED BOX CO INC","12777 SW TUALATIN SHRWD RD, TUALATIN, OR 97062","www.portlandcleanair.org/onsite_storage_3238"
"INTERNATIONAL PAPER","5500 SW WESTERN AVE, BEAVERTON, OR 97005","www.portlandcleanair.org/onsite_storage_21384"
"PACIFIC FOODS OF OREGON INC","9693 SW TUALATIN SHRWD RD, TUALATIN, OR 97062","www.portlandcleanair.org/onsite_storage_106152"
"TEUFEL PRODUCTS COMPANY","31615 NW SCOTCH CHURCH RD, HILLSBORO, OR 97124","www.portlandcleanair.org/onsite_storage_36761"
"TOKAI CARBON USA INC","4495 NW 235TH AVE, HILLSBORO, OR 97124","www.portlandcleanair.org/onsite_storage_63742"
"BEAVERTON CITY OF","14600 SW SEXTON MTN DR, BEAVERTON, OR 97005","www.portlandcleanair.org/onsite_storage_63679"
"COORSTEK","555 NE 53RD AVE, HILLSBORO, OR 97124","www.portlandcleanair.org/onsite_storage_3097"
"TRIAX METAL PRODUCTS","1880 SW MERLO DR, BEAVERTON, OR 97006","www.portlandcleanair.org/onsite_storage_3043"
"SEARS","9800 SW WASHINGTON SQ RD, PORTLAND, OR 97223","www.portlandcleanair.org/onsite_storage_64242"
"NIKE INC","ONE BOWERMAN DR, BEAVERTON, OR 97005","www.portlandcleanair.org/onsite_storage_21339"
"CROP PRODUCTION SERVICES INC","574 N 7TH CT, CORNELIUS, OR 97113","www.portlandcleanair.org/onsite_storage_36016"
"TIGARD-TUALATIN SCHOOL DIST23J","14650 SW 97TH AVE, TIGARD, OR 97224","www.portlandcleanair.org/onsite_storage_89465"
"ALOHA FEED & GARDEN & PET","18440 SW ALEXANDER ST, ALOHA, OR 97003","www.portlandcleanair.org/onsite_storage_36035"
"UPS","10800 SW MANHASSET, TUALATIN, OR 97062","www.portlandcleanair.org/onsite_storage_18826"
"SHAMROCK SUPPLY COMPANY INC","18383 SW BOONES FERRY RD, PORTLAND, OR 97224","www.portlandcleanair.org/onsite_storage_21281"
"TIGARD-TUALATIN SCHOOL DIST23J","22300 SW BOONES FERRY RD, TUALATIN, OR 97062","www.portlandcleanair.org/onsite_storage_89462"
"CASCADE COLUMBIA DISTRIBUTION","14200 SW TUALATIN SHRWD RD, SHERWOOD, OR 97140","www.portlandcleanair.org/onsite_storage_22175"
"GLACIER NORTHWEST INC","19585 SW 118TH AVE, TUALATIN, OR 97062","www.portlandcleanair.org/onsite_storage_65722"
"WADE MFG CO","9995 SW AVERY ST, TUALATIN, OR 97062","www.portlandcleanair.org/onsite_storage_2379"
"MUTUAL MATERIALS CO","18320 SW BOONES FERRY RD, PORTLAND, OR 97223","www.portlandcleanair.org/onsite_storage_22227"
"BALZER PACIFIC EQUIPMENT CO","10830 SW CLUTTER RD, SHERWOOD, OR 97140","www.portlandcleanair.org/onsite_storage_22311"
"PROTOCO ENTERPRISES LLC","28757 NW WEST UNION RD, NORTH PLAINS, OR 97133","www.portlandcleanair.org/onsite_storage_2433"
"PACIFIC LANDSCAPE MGMT INC","21555 NW AMBERWOOD DR, HILLSBORO, OR 97124","www.portlandcleanair.org/onsite_storage_84207"
"CATLIN GABEL SCHOOL THE","8825 SW BARNES RD, PORTLAND, OR 97225","www.portlandcleanair.org/onsite_storage_70179"
"VANGUARD EMS INC","3725 SW HOCKEN AVE, BEAVERTON, OR 97005","www.portlandcleanair.org/onsite_storage_32508"
"YEAROUND LAWN CARE","2920 SE 74TH AVE, HILLSBORO, OR 97123","www.portlandcleanair.org/onsite_storage_89932"
"NORTHWEST EARTHMOVERS INC","13600 SW GALBREATH DR, SHERWOOD, OR 97140","www.portlandcleanair.org/onsite_storage_68547"
"SPECIALIZED PAVEMENT MARKING","11095 SW INDUSTRIAL WAY BLDG B, TUALATIN, OR 97062","www.portlandcleanair.org/onsite_storage_68609"
"JEWELL ATTACHMENTS LLC","18135 SW BOONES FERRY RD, PORTLAND, OR 97224","www.portlandcleanair.org/onsite_storage_32061"
"BARRIER CORPORATION","9820 SW TIGARD ST, TIGARD, OR 97223","www.portlandcleanair.org/onsite_storage_84613"
"P-M INDUSTRIES INC","14305 SW MILLIKAN, BEAVERTON, OR 97005","www.portlandcleanair.org/onsite_storage_2224"
"SUNSET IMPORTS INC","4030 SW 139TH WAY, BEAVERTON, OR 97005","www.portlandcleanair.org/onsite_storage_87565"
"DAVIS TOOL INC","780 SW BAILEY AVE, HILLSBORO, OR 97123","www.portlandcleanair.org/onsite_storage_32108"
"CASCADE WHSE HARDWARE INC","5650 NW WAGON WAY, HILLSBORO, OR 97124","www.portlandcleanair.org/onsite_storage_65853"
"HD SUPPLY","19999 SW 95TH AVE, TUALATIN, OR 97062","www.portlandcleanair.org/onsite_storage_68660"
"WILLAMETTE GRAYSTONE","19477 SW 89TH, TUALATIN, OR 97062","www.portlandcleanair.org/onsite_storage_34517"
"LEUPOLD & STEVENS INC","14400 NW GREENBRIER PKWY, BEAVERTON, OR 97006","www.portlandcleanair.org/onsite_storage_2614"
"FUJIMI CORPORATION","9949 SW COMMERCE CIR, WILSONVILLE, OR 97070","www.portlandcleanair.org/onsite_storage_21657"
"CARTER 2 SYSTEMS INC","2750 SE 39TH AVE, HILLSBORO, OR 97123","www.portlandcleanair.org/onsite_storage_34667"
"CONSOLIDATED SUPPLY CO","7337 SW KABLE LN, TIGARD, OR 97224","www.portlandcleanair.org/onsite_storage_34705"
"ADVANCED COLOR SYSTEMS INC","10350 SW TUALATIN RD, TUALATIN, OR 97062","www.portlandcleanair.org/onsite_storage_87764"
"STIMSON LUMBER COMPANY","49800 SW SCOGGINS VALLY RD, GASTON, OR 97119","www.portlandcleanair.org/onsite_storage_2725"
"R & D MFG INC","160 SW FREEMAN AVE, HILLSBORO, OR 97123","www.portlandcleanair.org/onsite_storage_65181"
"HILLSBORO SCHOOL DISTRICT 1J","1220 SW WALNUT ST, HILLSBORO, OR 97123","www.portlandcleanair.org/onsite_storage_87604"
"COASTWIDE LABORATORIES","10000 SW COMMERCE CIR, WILSONVILLE, OR 97070","www.portlandcleanair.org/onsite_storage_68802"
"TARGET CORPORATION","10775 SW BVTN HLSDLE HWY, BEAVERTON, OR 97005","www.portlandcleanair.org/onsite_storage_21874"
"HILLSBORO LANDFILL-T V WASTE RECOVERY","3205 SE MINTER BRIDGE RD, HILLSBORO, OR 97123","www.portlandcleanair.org/onsite_storage_33826"
"SURE POWER INC","10189 SW AVERY ST, TUALATIN, OR 97062","www.portlandcleanair.org/onsite_storage_2122"
"FOLEXPORT INC","10870 SW TUALATIN SHRWD RD, TUALATIN, OR 97062","www.portlandcleanair.org/onsite_storage_22024"
"ALOHA SANITARY SERVICE","8600 SW HILLSBORO HWY, HILLSBORO, OR 97123","www.portlandcleanair.org/onsite_storage_33930"
"R & S NURSERY CO","11715 SW HILLSBORO HWY, HILLSBORO, OR 97123","www.portlandcleanair.org/onsite_storage_21893"
"WASHINGTON COUNTY","215 SW ADAMS, HILLSBORO, OR 97123","www.portlandcleanair.org/onsite_storage_87633"
"ARDENT MILLS INNOVATIVE BAKERY RESOURCES","21151 SW 115TH, TUALATIN, OR 97062","www.portlandcleanair.org/onsite_storage_69191"
"POLY-CAST INC","14140 SW 72ND AVE STE 100, TIGARD, OR 97224","www.portlandcleanair.org/onsite_storage_6757"
"AEROVERTIGO INC","3121 NE CORNELL RD, HILLSBORO, OR 97124","www.portlandcleanair.org/onsite_storage_74686"
"RICKS TIRE FACTORY","112 N ADAIR, CORNELIUS, OR 97113","www.portlandcleanair.org/onsite_storage_14947"
"MILLERS ACE HARDWARE","3602 PACIFIC AVE, FOREST GROVE, OR 97116","www.portlandcleanair.org/onsite_storage_15234"
"ANTHRO CORP","10630 SW MANHASSET DR, TUALATIN, OR 97062","www.portlandcleanair.org/onsite_storage_100250"
"OAK HILLS HOMEOWNERS ASSOC","2085 NW 153RD AVE, BEAVERTON, OR 97006","www.portlandcleanair.org/onsite_storage_56337"
"MONTINORE VINEYARDS","3663 SW DILLEY RD, FOREST GROVE, OR 97116","www.portlandcleanair.org/onsite_storage_48693"
"DAMEROW FORD","12375 SW MILLIKAN WAY, BEAVERTON, OR 97005","www.portlandcleanair.org/onsite_storage_15154"
"OAK KNOLL WINERY","29700 SW BURKHALTER RD, HILLSBORO, OR 97123","www.portlandcleanair.org/onsite_storage_56338"
"NEW SEASON FOODS","2329 YEW ST, FOREST GROVE, OR 97116","www.portlandcleanair.org/onsite_storage_6637"
"MORGAN INDUSTRIAL INC","23810 NW HUFFMAN ST, HILLSBORO, OR 97124","www.portlandcleanair.org/onsite_storage_55840"
"BEYNON SPORT SURFACES","19600 SW 129TH AVE STE A, TUALATIN, OR 97062","www.portlandcleanair.org/onsite_storage_7120"
"TUALATIN HILLS PARK & REC","9985 SW 125TH, BEAVERTON, OR 97006","www.portlandcleanair.org/onsite_storage_74634"
"MUTUAL MATERIALS CO","1561 SE ENTERPRISE CIR, HILLSBORO, OR 97123","www.portlandcleanair.org/onsite_storage_14369"
"PLASTI-FAB INC","9665 SW TUALATIN SHRWD RD, TUALATIN, OR 97062","www.portlandcleanair.org/onsite_storage_6306"
"DICKS HILLSBORO HONDA","750 SW OAK ST, HILLSBORO, OR 97123","www.portlandcleanair.org/onsite_storage_21904"
"CLEAN WATER SERVICES","16580 SW 85TH, TIGARD, OR 97224","www.portlandcleanair.org/onsite_storage_16444"
"WESTMARK INDUSTRIES INC","6701 SW MCEWAN RD, LAKE OSWEGO, OR 97035","www.portlandcleanair.org/onsite_storage_48213"
"PARR LUMBER COMPANY","755 NW 185TH AVE, ALOHA, OR 97006","www.portlandcleanair.org/onsite_storage_56851"
"BEAVERTON CITY OF","13520 SW HANSON RD, BEAVERTON, OR 97005","www.portlandcleanair.org/onsite_storage_16508"
"PREMIER JETS","2146 NE 25TH ST, HILLSBORO, OR 97124","www.portlandcleanair.org/onsite_storage_57211"
"HILLSBORO CITY OF","CHERRY GROVE PUMP STA, GASTON, OR 97119","www.portlandcleanair.org/onsite_storage_100526"
"INTERNATIONAL PAPER COMPANY","5570 SW WESTERN AVE, BEAVERTON, OR 97005","www.portlandcleanair.org/onsite_storage_16469"
"PLUMBING MATERIALS SUPPLY INC","2900 SE TV HWY, HILLSBORO, OR 97123","www.portlandcleanair.org/onsite_storage_57074"
"CLEAN WATER SERVICES","3235 SW RIVER RD, HILLSBORO, OR 97123","www.portlandcleanair.org/onsite_storage_16445"
"FOREST GROVE CITY OF","501 WATERCREST, FOREST GROVE, OR 97116","www.portlandcleanair.org/onsite_storage_16513"
"CONTECH ENGINEERED SOLUTIONS LLC","710 SW ARMCO AVE, HILLSBORO, OR 97123","www.portlandcleanair.org/onsite_storage_6443"
"INTEL CORPORATION","2111 NE 25TH AVE, HILLSBORO, OR 97124","www.portlandcleanair.org/onsite_storage_6453"
"PERFORMANCE WHSE","5537 NW FIVE OAKS DR, HILLSBORO, OR 97124","www.portlandcleanair.org/onsite_storage_48539"
"INTEL CORPORATION","3585 SW 198TH, ALOHA, OR 97007","www.portlandcleanair.org/onsite_storage_6455"
"HOME DEPOT THE","13700 NW SCIENCE PARK DR, PORTLAND, OR 97229","www.portlandcleanair.org/onsite_storage_48566"
"LPM SYSTEMS","7272 SW DURHAM RD STE 700, PORTLAND, OR 97224","www.portlandcleanair.org/onsite_storage_76093"
"GLACIER NORTHWEST INC","21480 NW AMBERWOOD DR, HILLSBORO, OR 97123","www.portlandcleanair.org/onsite_storage_48459"
"PACIFIC MODULAR INC","6190 SW ARCTIC DR, BEAVERTON, OR 97005","www.portlandcleanair.org/onsite_storage_56693"
"PACIFIC FOODS OF OREGON INC","19480 SW 97TH AVE, TUALATIN, OR 97062","www.portlandcleanair.org/onsite_storage_56659"
"SCOTTS LAWNSERVICE","13565 SW TUALATIN SHRWD BLVD, SHERWOOD, OR 97140","www.portlandcleanair.org/onsite_storage_99276"
"CASCADE WINDOWS","10255 SW SPOKANE CT, TUALATIN, OR 97062","www.portlandcleanair.org/onsite_storage_52466"
"TIGARD SAND & GRAVEL LLC","21455 SW 120TH, TUALATIN, OR 97062","www.portlandcleanair.org/onsite_storage_8606"
"LIEB FOODS LLC","2550 23RD AVE, FOREST GROVE, OR 97116","www.portlandcleanair.org/onsite_storage_54231"
"KELLER SUPPLY COMPANY","5600 SW 107TH AVE, BEAVERTON, OR 97005","www.portlandcleanair.org/onsite_storage_54615"
"MACS RADIATOR & REPAIR","631 SW BASELINE, HILLSBORO, OR 97123","www.portlandcleanair.org/onsite_storage_11727"
"WILLAMETTE LANDSCAPE SERVICES","18480 SW PACIFIC DR, TUALATIN, OR 97062","www.portlandcleanair.org/onsite_storage_52253"
"USHER PRECISION MANUFACTURING INC","3863 24TH AVE, FOREST GROVE, OR 97116","www.portlandcleanair.org/onsite_storage_8371"
"PARKS METAL PRODUCTS INC","19460 SW SHAW, ALOHA, OR 97078","www.portlandcleanair.org/onsite_storage_8680"
"PARTNERS ON DEMAND INC","13955 SW MILLIKAN WAY 100, BEAVERTON, OR 97005","www.portlandcleanair.org/onsite_storage_98581"
"GARRON GROUNDS MAN INC","11277 SW CLAY ST STE D, SHERWOOD, OR 97140","www.portlandcleanair.org/onsite_storage_53206"
"AMSOIL INC","16260 SW 72ND AVE, PORTLAND, OR 97224","www.portlandcleanair.org/onsite_storage_9496"
"CHINICK LANDSCAPING & NURSERY","21300 NW WEST UNION RD, HILLSBORO, OR 97123","www.portlandcleanair.org/onsite_storage_52849"
"PACKAGING RESOURCES CO","12555 SW TUALATIN SHRWD RD, TUALATIN, OR 97062","www.portlandcleanair.org/onsite_storage_8723"
"BOB CARLSON INC","560 SW MAPLE ST, HILLSBORO, OR 97123","www.portlandcleanair.org/onsite_storage_10139"
"HUTTIG BUILDING PRODUCTS","8100 SW HUNZIKER RD, TIGARD, OR 97223","www.portlandcleanair.org/onsite_storage_53999"
"MILGARD MFG CO","20789 SW 115TH ST, TUALATIN, OR 97062","www.portlandcleanair.org/onsite_storage_10074"
"TARGET CORPORATION","21365 SW BALER WAY, SHERWOOD, OR 97140","www.portlandcleanair.org/onsite_storage_99023"
"PRECISION WIRE COMPONENTS LLC","10230 SW SPOKANE CT, TUALATIN, OR 97062","www.portlandcleanair.org/onsite_storage_52947"
"BRIDGEPORT DISTRIBUTION INC","16520 SW 72ND AVE BLDG 7, TIGARD, OR 97224","www.portlandcleanair.org/onsite_storage_13332"
"TAPP LABEL CO LLC","11000 SW 11TH ST STE 400-D, BEAVERTON, OR 97005","www.portlandcleanair.org/onsite_storage_7820"
"DMH INC","3802 24TH AVE, FOREST GROVE, OR 97116","www.portlandcleanair.org/onsite_storage_7651"
"PROBUILD COMPANY LLC","920 ELM ST, FOREST GROVE, OR 97116","www.portlandcleanair.org/onsite_storage_55172"
"MILLERS MINI MIX CONCRETE INC","1870 NE BEACON CT, HILLSBORO, OR 97124","www.portlandcleanair.org/onsite_storage_55117"
"PARR LUMBER COMPANY","2134 MAIN ST, FOREST GROVE, OR 97116","www.portlandcleanair.org/onsite_storage_51607"
"INTEL CORPORATION","5200 NE ELAM YOUNG PKWY, HILLSBORO, OR 97124","www.portlandcleanair.org/onsite_storage_6454"
"DENLEY INC","21190 NE OREGON ST, SHERWOOD, OR 97140","www.portlandcleanair.org/onsite_storage_7276"
"ACUMED INC","5885 NW CORNELIUS PASS RD, HILLSBORO, OR 97124","www.portlandcleanair.org/onsite_storage_49417"
"KUNI BMW","10999 SW CANYON RD, BEAVERTON, OR 97005","www.portlandcleanair.org/onsite_storage_99517"
"RESERS FINE FOODS INC","11150 SW ALLEN BLVD, BEAVERTON, OR 97005","www.portlandcleanair.org/onsite_storage_7404"
"LGINTERNATIONAL","6700 SW BRADBURY CT, PORTLAND, OR 97224","www.portlandcleanair.org/onsite_storage_7883"
"RELIABLE TRANSMISSION","144 SE OAK ST, HILLSBORO, OR 97123","www.portlandcleanair.org/onsite_storage_13750"
"OREGON HOLIDAY PRODUCTS LLC","2331 23RD AVE, FOREST GROVE, OR 97116","www.portlandcleanair.org/onsite_storage_74492"
"AXIOM ELECTRONICS","19545 NW VON NEUMANN DR, HILLSBORO, OR 97006","www.portlandcleanair.org/onsite_storage_8247"
"ELECTRONIC MFG SERVICES","10950 SW 5TH ST STE 180, BEAVERTON, OR 97005","www.portlandcleanair.org/onsite_storage_8264"
"FIRE EXTINGUISHER SVC CENTER","3460 SW 209TH AVE, BEAVERTON, OR 97007","www.portlandcleanair.org/onsite_storage_96521"
"TARGET CORPORATION","9009 SW HALL BLVD, TIGARD, OR 97223","www.portlandcleanair.org/onsite_storage_99403"
"TARGET CORPORATION","2295 SE TV HWY, HILLSBORO, OR 97124","www.portlandcleanair.org/onsite_storage_99401"
"LEXUS OF PORTLAND LLC","8840 SW CANYON RD, PORTLAND, OR 97225","www.portlandcleanair.org/onsite_storage_55035"
"JB INSULATION","14255 SW GALBREATH DR, SHERWOOD, OR 97140","www.portlandcleanair.org/onsite_storage_96678"
"TARGET CORPORATION","18101 NW EVERGREEN PKWY, BEAVERTON, OR 97005","www.portlandcleanair.org/onsite_storage_99397"
"EWING IRRIGATION PRODUCTS INC","5857 NW CORNELIUS PASS RD, HILLSBORO, OR 97124","www.portlandcleanair.org/onsite_storage_103387"
"HILLSBORO CITY OF","142 SE MAPLE ST, HILLSBORO, OR 97123","www.portlandcleanair.org/onsite_storage_17864"
"BLASTZONE SANDBLASTING","8260 SW OLD HWY 47, GASTON, OR 97119","www.portlandcleanair.org/onsite_storage_102380"
"GENUINE PARTS CO NAPA","12085 SW HALL BLVD, TIGARD, OR 97223","www.portlandcleanair.org/onsite_storage_17816"
"LES SCHWAB TIRE CENTER","2730 PACIFIC AVE, FOREST GROVE, OR 97116","www.portlandcleanair.org/onsite_storage_92322"
"WOODFEATHERS INC","6789 SW 111TH AVE, BEAVERTON, OR 97008","www.portlandcleanair.org/onsite_storage_101700"
"VISION PLASTICS","26000 SW PARKWAY CTR DR, WILSONVILLE, OR 97070","www.portlandcleanair.org/onsite_storage_43616"
"FOREST GROVE SCHOOL DIST 15","2701 TAYLOR WAY, FOREST GROVE, OR 97116","www.portlandcleanair.org/onsite_storage_80569"
"WOODFEATHERS INC","11040 SW ALLEN BLVD, BEAVERTON, OR 97008","www.portlandcleanair.org/onsite_storage_59397"
"JAMES KING & CO INC","19939 SW CIPOLE, SHERWOOD, OR 97041","www.portlandcleanair.org/onsite_storage_5454"
"VIOC","6900 SW NYBERG ST, TUALATIN, OR 97062","www.portlandcleanair.org/onsite_storage_92682"
"FRED MEYER STORES INC","7700 SW BVTN HLSDLE HWY, PORTLAND, OR 97225","www.portlandcleanair.org/onsite_storage_17325"
"WASHINGTON COUNTY","1400 SW WALNUT ST, HILLSBORO, OR 97123","www.portlandcleanair.org/onsite_storage_17343"
"PACIFIC SPORTS TURF INC","12725 SW HERMAN RD, TUALATIN, OR 97062","www.portlandcleanair.org/onsite_storage_101984"
"VIOC","15410 SW PACIFIC HWY, TIGARD, OR 97224","www.portlandcleanair.org/onsite_storage_92681"
"SIGNATURE LANDSCAPE CARE","23275 SW 82ND AVE, TUALATIN, OR 97062","www.portlandcleanair.org/onsite_storage_58407"
"MAGNO HUMPHRIES INC","8800 SW COMMERCIAL ST, TIGARD, OR 97223","www.portlandcleanair.org/onsite_storage_5502"
"MAXTEK COMPONENTS CORP","2905 SW HOCKEN AVE, BEAVERTON, OR 97005","www.portlandcleanair.org/onsite_storage_43651"
"TIGARD CITY OF","8955 SW ASH AVE, TIGARD, OR 97223","www.portlandcleanair.org/onsite_storage_17672"
"CLEAN WATER SERVICES","SUBSTN STORM PUMP STN, SUBSTATION, OR 97000","www.portlandcleanair.org/onsite_storage_17512"
"TIGARD-TUALATIN AQUATIC DISTRICT","22380 SW BOONES FERRY RD, TUALATIN, OR 97062","www.portlandcleanair.org/onsite_storage_92304"
"FISKARS BRANDS INC","14200 SW 72ND AVE, PORTLAND, OR 97224","www.portlandcleanair.org/onsite_storage_5909"
"TUALATIN VALLEY WATER DISTRICT","1850 SW 170TH, BEAVERTON, OR 97006","www.portlandcleanair.org/onsite_storage_18374"
"JIREH SEMICONDUCTOR INCORPORAT","3131 NW BROOKWOOD PKWY, HILLSBORO, OR 97124","www.portlandcleanair.org/onsite_storage_44197"
"ACLARYN PLASTICS INC","5405 SE ALEXANDER ST STE L, HILLSBORO, OR 97123","www.portlandcleanair.org/onsite_storage_59390"
"TIGARD-TUALATIN AQUATIC DISTRICT","8680 SW DURHAM RD, TIGARD, OR 97224","www.portlandcleanair.org/onsite_storage_59259"
"EPSON PORTLAND INC","3950 NW ALOCLEK PL, HILLSBORO, OR 97124","www.portlandcleanair.org/onsite_storage_18761"
"COPYTRONIX","16640 SW 72ND AVE, PORTLAND, OR 97224","www.portlandcleanair.org/onsite_storage_18753"
"WILCO FARMERS","664 BASELINE ST, CORNELIUS, OR 97113","www.portlandcleanair.org/onsite_storage_79624"
"TUALATIN HILLS PARK & REC","18650 SW KINNAMAN RD, ALOHA, OR 97007","www.portlandcleanair.org/onsite_storage_18226"
"ANTHRO CORP","10450 SW MANHASSET DR, TUALATIN, OR 97062","www.portlandcleanair.org/onsite_storage_43760"
"PSALM 1 LANDSCAPE INC","11440 NW HWY 47, FOREST GROVE, OR 97116","www.portlandcleanair.org/onsite_storage_57319"
"BEAVERTON CITY OF","3300 SW 209TH AVE, ALOHA, OR 97007","www.portlandcleanair.org/onsite_storage_95124"
"PERMAPOST PRODUCTS","4066 SE TV HWY, HILLSBORO, OR 97123","www.portlandcleanair.org/onsite_storage_5314"
"TUALATIN HILLS PARK & REC","12850 SW THIRD, BEAVERTON, OR 97005","www.portlandcleanair.org/onsite_storage_18228"
"TUALATIN HILLS PARK & REC","13707 NW SCIENCE PARK DR, PORTLAND, OR 97229","www.portlandcleanair.org/onsite_storage_18231"
"RINCHEM COMPANY INC","23650 NW HUFFMAN ST, HILLSBORO, OR 97124","www.portlandcleanair.org/onsite_storage_80757"
"VERIS INDUSTRIES LLC","12345 SW LEVETON DR, TUALATIN, OR 97062","www.portlandcleanair.org/onsite_storage_59786"
"ODOT","48400 NW SUNSET HWY, BANKS, OR 97106","www.portlandcleanair.org/onsite_storage_6060"
"TARGET CORPORATION","25925 SW HEATHER PL, WILSONVILLE, OR 97070","www.portlandcleanair.org/onsite_storage_93132"
"CARLSON TESTING","8430 SW HUNZIKER ST, TIGARD, OR 97223","www.portlandcleanair.org/onsite_storage_18605"
"VIOC","7570 SW BASELINE RD, HILLSBORO, OR 97123","www.portlandcleanair.org/onsite_storage_92683"
"FOREST GROVE CITY OF","2551-A 23RD AVE, FOREST GROVE, OR 97116","www.portlandcleanair.org/onsite_storage_17910"
"HILLSBORO AERO ACADEMY","3565 NE CORNELL RD, HILLSBORO, OR 97124","www.portlandcleanair.org/onsite_storage_90779"
"GRABHORN INC","14930 SW VANDERMOST RD, BEAVERTON, OR 97007","www.portlandcleanair.org/onsite_storage_43347"
"PAPƒ MATERIAL HANDLING","7000 SW SANDBURG ST, TIGARD, OR 97223","www.portlandcleanair.org/onsite_storage_17109"
"TVT DIE CASTING & MFG INC","7340 SW LANDMARK LN, PORTLAND, OR 97224","www.portlandcleanair.org/onsite_storage_90715"
"ENSTROM LANDSCAPE MANAGEMENT L","13300 SW GALBREATH DR, SHERWOOD, OR 97140","www.portlandcleanair.org/onsite_storage_79420"
"RESERS FINE FOODS INC","15570 SW JENKINS AVE, BEAVERTON, OR 97006","www.portlandcleanair.org/onsite_storage_57630"
"ROYAL MOORE TOYOTA","1415 SE RIVER RD, HILLSBORO, OR 97123","www.portlandcleanair.org/onsite_storage_57915"
"FOREST GROVE CITY OF","2300 SUNSET DR, FOREST GROVE, OR 97116","www.portlandcleanair.org/onsite_storage_17146"
"KINETICS DYNACAST INC","10085 SW COMMERCE CIR, WILSONVILLE, OR 97070","www.portlandcleanair.org/onsite_storage_108017"
"BEAVERTON TOYOTA CO","4355 SW 142ND, BEAVERTON, OR 97005","www.portlandcleanair.org/onsite_storage_108726"
"PACIFIC FOODS OF OREGON INC","19400 SW TETON AVE, TUALATIN, OR 97062","www.portlandcleanair.org/onsite_storage_120703"
"APOLLO POOLS","13370 NW CORNELL RD, PORTLAND, OR 97229","www.portlandcleanair.org/onsite_storage_120634"
"BANKS CITY OF","20105 SELLERS RD, BANKS, OR 97106","www.portlandcleanair.org/onsite_storage_120655"
"HILLSBORO CITY OF","450 NE 53RD AVE, HILLSBORO, OR 97124","www.portlandcleanair.org/onsite_storage_120666"
"THERMAL MODIFICATION TECHNOLOGIES","19830 SW TETON AVE, TUALATIN, OR 97062","www.portlandcleanair.org/onsite_storage_120732"
"ORCHARD SUPPLY COMPANY LLC","10860 SW BARNES RD, BEAVERTON, OR 97225","www.portlandcleanair.org/onsite_storage_120826"
"SHOWPLACE LANDSCAPE SERVICE INC","10870 SW 289TH PL, NORTH PLAINS, OR 97133","www.portlandcleanair.org/onsite_storage_109368"
"PACIFIC LUMBER & TRUSS CO","10515 SW ALLEN BLVD, BEAVERTON, OR 97005","www.portlandcleanair.org/onsite_storage_119076"
"POOL & SPA HOUSE THE","13025 SW PACIFIC HWY, TIGARD, OR 97223","www.portlandcleanair.org/onsite_storage_119102"
"SITEONE LANDSCAPE SUPPLY","14555 SW 72ND AVE, TIGARD, OR 97224","www.portlandcleanair.org/onsite_storage_118376"
"RESERS FINE FOODS INC","6999 NW CENTURY BLVD, HILLSBORO, OR 97124","www.portlandcleanair.org/onsite_storage_121559"
"LANDSCAPE UNLIMITED LLC","3400 SW 209TH AVE, ALOHA, OR 97007","www.portlandcleanair.org/onsite_storage_120957"
"GREEN ENERGY SOLUTIONS","23515 NW CLARA LN STE 150, HILLSBORO, OR 97124","www.portlandcleanair.org/onsite_storage_121075"
"SUMMIT FOODS","1840 B STREET, FOREST GROVE, OR 97116","www.portlandcleanair.org/onsite_storage_121211"
"GENENTECH INC","4625 NW BROOKWOOD PKWY, HILLSBORO, OR 97124","www.portlandcleanair.org/onsite_storage_112051"
"TUALATIN VALLEY WATER DISTRICT","7975 SW GRABHORN, BEAVERTON, OR 97007","www.portlandcleanair.org/onsite_storage_114118"
"MAGNETO POWER","9991 SW AVERY ST, TUALATIN, OR 97062","www.portlandcleanair.org/onsite_storage_114137"
"PACIFIC FOODS OF OREGON","9955 SW POTANO, TUALATIN, OR 97062","www.portlandcleanair.org/onsite_storage_114139"
"NORTHWEST CIRCUIT BOARD","2900 SW CORNELIUS PASS RD STE 864, HILLSBORO, OR 97123","www.portlandcleanair.org/onsite_storage_113617"
"AGILYX CORPORATION","7904 SW HUNZIKER ST, TIGARD, OR 97223","www.portlandcleanair.org/onsite_storage_115284"
"DECOR MFG","10510 SW INDUSTRIAL WAY, TUALATIN, OR 97062","www.portlandcleanair.org/onsite_storage_112690"
"COASTAL FARM & HOME SUPPLY CO","3865 BASELINE RD, CORNELIUS, OR 97113","www.portlandcleanair.org/onsite_storage_112360"
"PRECISION WIRE COMPONENTS","10280 SW SPOKANE CT, TUALATIN, OR 97062","www.portlandcleanair.org/onsite_storage_112626"
"BEAVER NURSERY","12773 SW CAMPBELL RD, HILLSBORO, OR 97123","www.portlandcleanair.org/onsite_storage_113677"
"SUMMIT FOODS INC","32155 NW COTTAGE ST, NORTH PLAINS, OR 97133","www.portlandcleanair.org/onsite_storage_113357"
"PACIFIC MOTION LLC","21249 SW 115TH AVE, TUALATIN, OR 97062","www.portlandcleanair.org/onsite_storage_113386"
"TOKYO ELECTRON AMERICA INC","1800 NE 25TH AVE STES 2-10, HILLSBORO, OR 97124","www.portlandcleanair.org/onsite_storage_113526"
"FOREVER GREEN LANDSCAPES LLC","16069 SW HILLSBORO HWY, HILLSBORO, OR 97123","www.portlandcleanair.org/onsite_storage_117384"
"LANDGRAPHICS INC","21255 SW CHERRY LN, HILLSBORO, OR 97124","www.portlandcleanair.org/onsite_storage_110430"
"EWING IRRIGATION PRODUCTS INC","10685 SW GREENBURG RD, TIGARD, OR 97223","www.portlandcleanair.org/onsite_storage_111130"
"GREEN ART LANDSCAPING COMPANY LLC","8335 NW CORNELIUS PASS RD, HILLSBORO, OR 97124","www.portlandcleanair.org/onsite_storage_116355"
"BEAVERTON CITY OF","13450 SW HANSON RD ASR 4, BEAVERTON, OR 97005","www.portlandcleanair.org/onsite_storage_110372"
"SUMMIT NATURAL ENERGY CORP","535 N 4TH AVE, CORNELIUS, OR 97113","www.portlandcleanair.org/onsite_storage_116617"
