company source no,filename,facility name,st addr, city addr, zip addr
22-0143,22-0143 Fl,Flakeboard America Limited Duraflake,2550 Old Salem Road NE,Albany,97321
22-8042,228042-2No,Albany Compressor Station,34939 Spicer Drive SE,Albany,97321
15-0028,150028Lind,Linde Gas North America LLC,470 West Antelope Road,White City,97503
18-0014,180014Colu,Columbia Forest Products Columbia Plywood Corporation,4949 S Highway 97,Klamath Falls,97601
03-9517,039517ABMa,AB Mauri Baking Solutions,26994 SW 95th Avenue,Wilsonville,97070
09-9509,099509Paci,Pacific Pellet,601 NE Antler Street,Redmond,97756
10-0154,100154VTWe,V-T West Inc. Oregon Division,393 Industrial Drive,Roseburg,97471
34-2790,342790Toky,Tokyo Ohka Kogyo America Inc.,4600 NE Brookwood Parkway,Hillsboro,97124
10-0031,100031Doug,Roseburg Landfill,384 McLain West Avenue,Roseburg ,97470
26-1889,261889JRSi,J.R. Simplot Company Rivergate Terminal,14003 N Rivergate Blvd,Portland,97203
21-0005,210005-1Ge,Georgia - Pacific Toledo LLC,1400 SE Butler Bridge Rd,Toledo,97391
25-0001,250001Finl,Finley Buttes Regional Landfill,73221 Bombing Range Road,Boardman,97818
24-5398,245398Cova,Covanta Marion Inc.,4850 Brooklake Rd. NE,Brooks,97305
26-2952,262952Unit,United States Bakeries dba as Franz Bakery,340 NE 11th Avenue,Portland,97232
26-1869,261869Colu,Columbia Steel Casting Co. Inc.,10425 N. Bloss Avenue,Portland,97283
37-0544,370544-1No,Portable Plant,Current - Approx 68350 Columbia River Highway,Ranier,Not applicable
34-0016,340016-1AG,AGC Electronics,4375 NW 235th Ave,Hillsboro,97124
34-9510,349510Summ,Summit Natural Energy,535 N. 4th Ave.,Cornelius,97113
14-0003,140003Bear,Bear Mountain Forest Products Inc.,5 NW Cramblett Way,Cascade Locks OR,97014
26-2492,262492Nort,Northwest Pipe Company,12005 N Burgard,Portland,97203
26-0076,260076Flin,FLINT GROUP NORTH AMERICA,2985 N MARINE DR,PORTLAND,97217-7745
04-0006,040006BioO,BioOregon Protein Inc.,1935 NW Warrenton Drive,Warrenton,97146
22-0011,220011Paci,Pacific Cast Products,150 Queen Ave SW,Albany,97322
26-9554,269554Sign,Signature Graphics Inc.,15040 NE Mason St.,Portland,97230
26-1891,261891-1As,Ash Grove Cement Company - Rivergate,13939 N. Rivergate Blvd.,Portland,97203
27-0012,270012Medu,Meduri Farms Inc.,12375 Smithfield Road,Dallas,97338
10-0025,100025Rose,Roseburg Forest Products Dillard Complex,10599 Old Highway 99 South,Dillard,97432
36-0040,360040Megg,Meggitt Polymers & Composites,2010 Lafayette Avenue,McMinnville,97128
16-0026,160026GasT,Gas Transmission Northwest LLC Compressor Station #11,Oregon Hwy. 26 12 miles south of Madras Oregon,Madras,97741
03-0010,030010Clac,Clackamas County Kellogg Creek Water Pollution Control Plant,11525 SE McLoughlin Blvd.,Milwaukie,97222
28-0007,290007Hamp,Hampton Lumber Mills Inc. dba Tillamook Lumber Company,3111 East 3rd Street,Tillamook,97141
06-0010,060010Rose,Roseburg Forest Products Coquille Plywood,Cedar Point Road,Coquille,97423
22-8041,228041Selm,Selmet Inc.,33992 SE Seven Mile Ln.,Albany,97322
05-2367,052367Nort,Northwest Aggregates Co. (Santosh Facility),34885 N. Honeyman Road,Scappoose,97056
02-2298,022298Oreg,Oregon State University,3015 SW Western Blvd,Corvallis,97331
24-9205,249205Akzo,AkzoNobel Coatings Inc.,1660 Cross St. SE ,Salem,97302
18-0096,180096GasT,Gas Transmission Northwest LLC Compressor Station #13,¼ mile west of Diamond Lake Junction off US 97 & 138,Chemult,97731
34-0067,340067Coor,CoorsTek Oregon Operations,555 NE 53rd Ave,Hillsboro,97124
03-0113,03-0113_Xe,Xerox,27063 SW Canyon Creek Rd.,Wilsonville,97070
34-0144,340144Davi,Davis Tool Inc.,3740 NW Aloclek Place,Hillsboro,97124
22-8056,228056-1En,EnerG2 Technologies Inc.,3000 Calapooia Street SW,Albany,97322
09-0015,090015JELD,JELD-WEN inc. dba JELD-WEN,62845 Boyd Acres Road,Bend,97701
26-3051,263051Inte,International Paper- Portland Container,1601 NE 192nd ave,Portland,97230
26-2914,262914Port,Port of Portland,7200 NE Airport Way,Portland,97218
26-1867,261867-1PC,PCC Structurals Inc. LPC,4600 SE Harney Drive,Portland,97206
03-0016,030016Wolf,Wolf Steel Foundry Inc.,6160 South Whiskey Hill Road,Hubbard Oregon,97032
09-0036,090036Bend,Bend Research Inc. BRI-M1,20503 Builders Street,Bend,97701
03-0041,030041McCl,McClure Industries,9051 SE 55th Avenue,Portland,97206
36-5034,36-5034_Ca,Cascade Steel Rolling Mills,3200 North Highway 99W,McMinnville,97128
15-0030,15-0030_Ci,City of Medford Vernon Thorpe RWRF,1100 Kirtland Road,Central Point,97502
05-2605,052605Fore,Forest Energy Oregon LLC,2305 2nd Street,Columbia City,97018
26-3009,263009Arcl,Arclin Portland Division,2301 N Columbia Boulevard,Portland,97217
03-9507,039507NWNa,Molalla Gate Station,10405 S. Barnards Road,Molalla Gate Station,97038
26-0027,260027-1Se,On Semiconductor,23400 NE Glisan St.,Gresham,97030
26-3224,263224-1Vi,Vigor Industrial LLC,5555 N. Channel Ave,Portland,97217
25-0006,250006Paci,Pacific Ethanol Columbia LLC,71335 Rail Loop Drive,Boardman,97818
10-0013,100013-1Ro,Roseburg Forest Products Riddle Engineered Wood,4500 Riddle Bypass Road,Riddle,97469
15-0014,150014-2Mu,Murphy Plywood Softwood Division,5205 North River Road,Rogue River,97537
36-0026,360026-1Zi,Lippert Components Inc. Plant 107,150 SE Booth Bend Road,McMinnville,97128
30-0028,300028VADA,VadataInc,2400 Beach Access Road,Umatilla,97882
25-0021,250021Novu,Novus Pacific LLC,Columbia Blvd,Boardman Oregon,97818
24-7067,247067Norp,NORPAC Foods Inc. Stayton Plant #1,930 W Washington Street,Stayton,97383
27-0005,270005Elka,Elkay Wood Products Company,625 Hoffman Road,Independence,97351-9805
26-9550,269550Port,Portland Service Center,3700 SE 17th Ave,Portland,97202-3833
15-0020,150020Bois,Boise Cascade - Rogue Valley Plywood,1795 Antelope Road,White City OR,97503
34-2813,342813Jire,Jireh Semiconductor Inc.,3131 NE Brookwood Pkwy,Hillsboro,97124
26-3135,263135-2Bu,Bullseye Glass Company,3722 SE 21st Avenue,Portland,97202
02-9503,029503Paci,Pacific Northwest Generating Cooperative,29160 Coffin Butte Road,Corvalis,97330
07-0046,070046Appl,Prineville Data Center,1600 SW Baldwin Rd.,Prineville,97754
15-0021,150021-1So,South Stage Landfill,4761 South Stage Road,Jacksonville OR,97530
19-0016,190016RedR,Red Rock Biofuels,Tax lot # 39S20E000004900 (No address assigned yet); Latitude 42°9'41.76"N; Longitude 120°21'0.87"W,Lakeview,97630
24-0129,240129Stee,Steelhead Metal & Fab LLC,3958 Boone Rd SE,Salem,97301
04-0041,040041-1Ha,Hampton Lumber Mills Inc.,550 Skipanon Drive,Warrenton,97146
36-7004,367004McFa,McFarland Cascade Holdings Inc.,22125 SW Rock Creek Road,Sheridan,97378
03-2533,03-2533_In,Interfor US Inc. – Molalla Division,15555 S. Highway 211,Molalla,97038
34-2756,342756DMHI,DMH Inc.,3802 24th Avenue,Forest Grove,97116
10-0008,100008Oreg,Oregon Door Company,477 Dillard Gardens Road ,Dillard OR,97432
34-0009,340009-2In,International Paper,5570 SW Western Ave,Beaverton,97005
08-0003,080003Paci,Pacific Wood Laminates Inc.,P.O. Box 820,Brookings Oregon,97415
25-0041,250041Finl,Finley BioEnergy LLC Gas to Energy Plant,73221 Bombing Range Road,Boardman,97818
25-0007,250007-3VA,VadataInc,73575 Lewis and Clark Drive,Boardman,97818
29-0077,290077Stim,Stimson Lumber Company,5900 Moffett Road,Tillamook OR,97141
05-0014,050014Long,Clatskanie Chip Plant,76103 Highway 47,Clatskanie   ,97016
34-2678,342678-1Vi,Viasystems Corporation (dba TTM Technologies Inc.),1521 Poplar Lane,Forest Grove,97116
34-0058,340058-1In,International Paper Co.,23950 NW Huffman Street,Hillsboro OR,97124
03-2777,032777Mile,Miles Fiberglass & Plastics Inc.  Building A,1516 Main St ,Oregon City,97045
03-2145,032145West,West Linn Paper Company,4800 Mill Street,West Linn,97068
15-0012,150012Murp,Murphy Veneer,7975 11th Street,White City,97503
26-2028,262028Kind,Kinder Morgan Liquids Terminals LLC,5880 NW St. Helens Road,Portland,97210
34-0081,340081Lake,LAKESIDE LUMBER,10600 SW Tualatin Sherwood Rd.,Tualatin,97062
26-2030,262030BPWe,BP West Coast Products LLC: Portland Terminal,9930 NW St. Helens Road,Portland,97231
03-0065,030065Conv,Conveyco Mfg. Corp.,15151 S.E. Minuteman Way,Clackamas Oregon,97015
26-0243,260243Mult,East County Courts,18480 SE Stark Street,Portland,97223
05-2042,052042Dyno,Dyno Nobel Inc.,63149 Columbia River Highway,Deer Island,97054
12-0032,120032-1Oc,Malheur Lumber Company,60339 West Highway 26,John Day OR,97845
34-9514,349514Agil,Agilyx Corporation,7904 Hunziker Street,Tigard,97223
26-0026,260026Rodd,Rodda Paint Co.,6123 N. Marine Drive,Portland,97203
05-0023,050023Casc,Columbia Pacific Bio-Refinery,81200 Kallunki Road,Clatskanie,97016
25-0039,250039Calb,Calbee North America,72600 Lewis & Clark Dr.,Boardman OR,97818
26-2003,26-2003_1_,TEMCO LLC,800 N. River St,Portland,97227
10-0018,100018DRJo,D.R. Johnson Lumber Co.,1991 Pruner Road,Riddle,97469
34-2762,342762Boni,Bonita Packaging Products Inc. dba Bonita Pioneer,7333 SW Bonita Rd,Portland,97224
15-0029,150029Care,Carestream Health Inc.,8124 Pacific Avenue,White City,97503
10-0078,100078-1Ro,Roseburg Forest Products Riddle Plywood,3064 Cow Creek Road,Riddle,97469
36-8010,368010-1Ha,Hampton Lumber Mills Inc. dba Willamina Lumber Company,1000 Willamina Creek Drive,Willamina,97396
05-2085,052085Arms,Armstrong World Industries,1645 Railroad Avenue,St. Helens,97051
02-9502,029502Vall,Valley Landfills Inc.,28972 Coffin Butte Road,Corvallis,97330
03-2729,032729Nort,Oregon City Compressor Station,13124 Springwater Road South,Oregon City    ,97045
24-0114,240114-1MB,M-B COMPANIES INC.,2490 Ewald Ave. SE,Salem,97302
26-3310,263310Metr,Metropolitan Service District. Saint Johns Landfill,9687 N. Columbia Blvd.,Portland,97220
18-0022,180022Elec,Electro Scientific Industries ,4700 ESI Way ,Klamath Falls ,97601
19-0002,19-0002_Co,Lakeview Sawmill,1600 Missouri Avenue,Lakeview,97630
22-6002,226002Frer,Freres Lunber Co. Inc. Lyons Facility,141 14th St.,Lyons,97358
17-0030,17-0030_TP,TP Grants Pass LLC,1090 SE M Street,Grants Pass,97526
03-0099,030099Port,Carver Readiness Center,16782 SE 130th Ave,Clackamas,97015-8966
09-9508,099508Sute,Suterra LLC,20950 Talus Place,Bend OR,97701
09-0022,090022PCCS,PCC Structurals Inc. Schlosser,345 NE Hemlock Ave.,Redmond,97756
34-0055,340055Qorv,Qorvo US,2300 NE Brookwood Parkway,Hillsboro,97124
03-0009,030009Atla,Atlas Industrial Coatings Inc.  DBA A.I.C. Inc.,17555 SW 63rd Ave ,Lake Oswego,97035
26-2197,262197Daim,Daimler Trucks North America LLC,6936 N Fathom Street,Portland,97217
24-9201,249201-3No,McMinnville Compressor Station,6302 Torvend Road NE,Silverton,97381
29-0004,290004Till,Tillamook County Creamery Association,4185 Highway 101 N,Tillamook,97141
22-0042,220042Isov,Isovolta Inc.,495 Territorial Street,Harrisburg,97446
34-2804,34-2804_Ma,Maxim Integrated ,14320 SW Jenkins Road,Beaverton,97005
26-1815,261815Owen,Owens Corning Roofing & Asphalt LLC,3750 NW Yeon Avenue,Portland,97210
26-2000,26-2000_Lo,Louis Dreyfus Company Northwest Facilities LLC,900 North Thunderbird Way,Portland,97227
07-0001,070001Cont,Contact Industries LLC,1155 N. Main     PO Box 309,Prineville OR,97754
26-0143,260143Pier,Pierce Pacific Manufacturing Inc.,4424 NE 158th Avenue,Portland,97230
10-0012,100012Doug,Douglas County Inc. DBA Douglas County Forest Products,398 Del Rio Rd.,Rosebur,97471
26-0100,260100City,Columbia Boulevard WWTP,5001 N. Columbia Boulevard,Portland,97203
03-2778,032778-1Mi,Miles Fiberglass & Plastics Inc.,8855 SE Otty Road,Happy Valley,97086
26-2944,262944-2Gu,Gunderson LLC.,4350 NW Front Avenue,Portland,97210
25-0038,25-0038_Ti,Tidewater Terminal Company - Boardman Biofuels Dock,71987 Lewis & Clark Dr,Boardman,97818
10-0030,100030Swan,Swanson Group Mfg. LLC Roseburg Stud Division,2635 Old Highway 99 South,Roseburg Oregon,97470
27-0001,270001Marq,Marquis Spas Corporation,596 Hoffman Rd.,Independence,97351
26-2204,262204Boei,The Boeing Company,19000 NE Sandy Boulevard,Gresham,97230
15-0005,150005Casc,Cascade Wood Products,8399 14th Street,White City,97503
22-0010,220010Wast,Wastequip Manufacturing Company LLC Dba Wastequip Oregon ,33710 Oakville Road,Albany,97321
26-3002,263002Silt,Siltronic Corporation,7200 NW Front Ave,Portland,97210
09-9557,099557Biog,Biogreen Sustainable Energy Co.,116855 Reed Road,La Pine,97739
05-2598,052598Ener,Miller Compressor Station,10.5 mile Columbia River Main Line,Mist,97016
26-1814,261814Sole,Solenis LLC,3366 NW Yeon Ave,Portland,97210
30-0118,300118Herm,Hermiston Power LLC,78910 Simplot Road,Hermiston Power LLC,97838
03-2631,032631Eagl,Eagle Foundry Co.,23123 SE Eagle Creek Road PO Box 250,Eagle Creek,97022
26-3311,263311Canr,Supreme Group,4600 NE 138th Avenue,Portland,97230
10-0033,100033-1Or,Orenco Systems Inc.,814 Airway Ave.,Sutherlin,97479
31-0006,310006Bois,Boise Cascade Wood Products L.L.C. Elgin Complex,90 South 21st Street,Elgin,97827
11-0002,110002Chem,Chemical Waste Management of the Northwest Inc.,17629 Cedar Springs Lane,Arlington,97812
03-2624,032624-2Or,Blount Inc.,4909 SE International Way,Milwaukie,97222
30-0016,300016Bois,Boise Cascade Wood Products L.L.C. Kinzua Lumber,600 NW Cedar St.,Pilot Rock,97868
05-2581,052581Nort,NW Natural - Miller Station,off private logging road northwest of Mist OR,Mist,not applicable
22-8050,228050Stah,Stahlbush Island Farms Inc.,3122 Stahlbush Island Rd.,Corvallis OR,97333
18-0072,180072GasT,Gas Transmission Northwest LLC Compressor Station #14,Harpold Valley Road 3 miles south of Bonanza,Bonanza,97623
26-1865,261865EVRA,EVRAZ Portland - Heat Treat,10400 N Swift Court,Portland,97203
26-2029,262029-1Sh,Shore Terminals LLC,9420 NW St. Helens Road,Portland,97231
03-0052,030052Pesz,Pesznecker Brothers Inc.,15500 SE 102nd Ave ,Clackamas,97015
05-0006,050006-1Ca,Columbia Pacific Bio-Refinery,81200 Kallunki Road,Clatskanie,97016
26-0146,260146AshG,Ash Grove Cement Company - Portland Terminal,3737 N. Port Center Way,Portland,97217
25-0036,250036Colu,Columbia River Processing Inc.,79588 Rippee Road,Boardman,97818
34-0004,340004Hill,Hillsboro Landfill,3205 SE Minter Bridge Road,Hillsboro ,97123
26-3110,263110QGPr,QG Printing II LLC,6031 NE 92nd Dr,Portland,97220
26-2832,262832Port,Portland State University,1900 SW Fourth Avenue,Portland  ,97207
33-0022,330022-1DE,Design LLC,4200 Columbia Road,The Dalles,97058
15-0073,150073Rose,Roseburg Forest Products Medford MDF,2865 N. Pacific Hwy,Medford,97501
30-0113,300113-1He,Hermiston Generating Plant L.P.,78145 Westland Road,Hermiston,97838
33-0007,330007Wasc,Wasco County Landfill,2550 Steele Rd,The Dalles,97058
11-0001,110001-1Wa,Columbia Ridge Landfill and Recycling Center,18177 Cedar Springs Landfill and Recycling Center,Arlington,97812
24-0025,240025Capi,Capital Chrome and Precision Grinding,1520 Hickory St NE,Salem,97301
15-0159,150159Biom,Biomass One L.P.,2350 Avenue G,White City Oregon,97503
22-1024,221024-1Ge,Georgia-Pacific Chemicals LLC - Albany,2190 Old Salem Rd NE,Albany,97321
03-2719,032719Geor,Georgia-Pacific Gypsum LLC,505 NE 3rd Avenue,Canby,97103
26-2968,262968Mond,Mondelez Global LLC,100 NE Columbia Blvd,Portland,97211-1416
34-2565,342565Hamp,Hampton Lumber Mills Inc. dba Banks Lumber Company,13620 NW Commerce Street,Banks,97106
26-3317,263317Silv,Silver Eagle Manufacturing Company,5825 NE Skyport Way ,Portland,97220
18-0089,180089JELD,JELD-WEN Inc. dba JELD-WEN,31725 Highway 97 Suite A,Chiloquin,97624-9702
31-0028,310028-1He,Hexion Inc.,62575 Oregon Hwy 82,Island City,97850
37-0611,370611Acme,Acme Concrete Paving Inc,4124 E Broadway,Spokane ,99202
22-6034,226034Geor,Georgia-Pacific Consumer Products LP - Halsey Mill,30470 American drive,Halsey,97348
24-0060,240060Kett,Snyder's Lance Inc.,3125 Kettle Ct. SE,Salem,97301
26-1885,261885Galv,Galvanizers Company,2406 NW 30th Avenue,Portland,97210
24-5155,24-5155_Or,Oregon State Penitentiary,2605 State Street,Salem,97310
34-2783,342783Bimb,Bimbo Bakeries USA Inc.,10750 SW 5th Street,Beaverton,97005
07-0013,07-0013_Bi,Biosphere Carbon Group LLC,3920 NW Lamonta Road,Prineville,97754
36-8031,368031Bois,Boise Cascade - Willamina Veneer,34160 SW Valley Highway,Willamina OR,97396
34-0149,340149Port,Avery Regional Service Center,10800 SW Avery St,Tualatin,97062-8585
26-2478,26-2478_Eq,Shell Portland Terminal,3800 NW St. Helens Road,Portland,97210
09-0084,090084GasT,Gas Transmission Northwest LLC Compressor Station #12,U.S. 97 19 miles south of Bend Oregon,Bend,97702
24-0125,240125TTCT,The Trading Company,2785 N. Front St.,Woodburn,97071
26-3035,263035Myer,Myers Container LLC,8435 NE Killingsworth,Portland,97220
24-0148,24-0148_Co,Columbia Helicopters,14452 Arndt rd,Aurora,97002
15-0026,150026-1Dr,Dry Creek Landfill,6260 Dry Creek Road,Eagle Point OR,97524
22-6029,22-6029_Pa,Panolam Industries Inc.,3030 Calapooia Street SW,Albany,97321
03-2754,032754Albe,Safeway Clackamas Bread Plant,9450 SE Mangan Dr,Clackamas Or,97015
24-8082,248082-1En,Ennis Paint Inc. DBA Ennis Traffic Safety Solutions,1675 Commercial Street NE,Salem,97301
10-0054,100054Emer,Emerald Forest Products Plant #4,649 Fir Street,Drain,97435
22-0328,220328-1Or,Oregon Metallurgical LLC dba ATI Albany Operations,530 34th Ave SW,Albany,97322
19-0001,190001-2Co,Cornerstone Industrial Minerals Corporation U.S.A.,PO Box 1287,Lakeview OR,97630
24-0104,240104West,Western Industrial Fabricator & Machinist,23019 Main St NE,St. Paul,97317
02-2173,02-2173_Ho,Hollingsworth & Vose Fiber Company,1551 SE Crystal Lake Drive (Plant 1); 1220 SE Crystal Lake Drive (Plant 2),Corvallis,97339
15-0222,150222Bois,Boise Cascade - Engineered Wood Products,1155 Antelope Road,White City OR,97503
26-3021,263021-1Am,American Petroleum Environmental Services,11535 N Force Ave,Portland,97217
26-3230,263230Laca,Lacamas Laboratories,3625 N Suttle Rd,Portland,97217
03-0050,030050Xero,Xerox,26600 SW Parkway Avenue Suite #200,Wilsonville,97070
01-0029,010029-1As,Ash Grove Cement Company - Durkee,33060 Shirttail Creek Road,Durkee,97905
33-0001,33-0001_Sa,Sapa Extrusion Inc. The Dalles Cast,2929 West 2nd Street,The Dalles ,97058
24-8061,248061Bois,Boise Packaging & Newsprint L.L.C. (subsidiary of Packaging Corporation of America),2121 Madrona Avenue SE,Salem,97302
34-2684,342684Alli,Allied Systems Company,21433 SW Oregon Street,Sherwood,97160
22-8045,228045OFDF,OFD Foods LLC - Plant 2 & 3,525 25th Ave SW,Albany Oregon,97322
18-0013,180013Coll,Collins Products LLC,6410 Highway 66,Klamath Falls,97601
15-0004,150004Bois,Boise Cascade - Medford Plywood,3285 N. Pacific Hwy,Medford OR,97501
30-0075,300075ConA,Lamb WestonInc. - Hermiston Plant,78153 Westland Road,Hermiston,97838
22-6024,226024Ente,ENTEK International LLC,250 Hansard Ave,Lebanon OR,97355
24-9203,249203Aqua,Fiber-Fab LLC,PO Box 78,Gervais OR ,97026
24-0051,240051IMEX,IMEX America Corporation,3560 Fairview Industrial Drive SE,Salem,97302
03-2674,032674-1PC,PCC Structurals Inc. SSBO,13340 SE 84th Ave.,Clackamas,97015
10-0045,100045Swan,Swanson Group Mfg. LLC Glendale Plywood/Veneer,303 Mehlwood lane,Glendale  Oregon,97442
22-2522,222522Frer,Plant # 3 Plywood Division,47842 yons-Mill City Dr.,Mill City,97360
26-3241,263241Sapa,Sapa Extrusions,5325 NE Skyport Way,Portland,97218
26-1876,261876Owen,Owens-Brockway Glass Container Inc.,9710 NE Glass Plant Rd.,Portland,97294-0067
24-8062,248062Fost,Foster Farms LLC  -  Donald Feedmill,11671 Ehlen Road,Aurora,97002
34-00009,340009Inte,International Paper,5570 SW Western Ave,Beaverton,97005
10-0022,100022Murp,Murphy Company - Engineered Wood Division,412 West Central Avenue,Sutherlin,97479
34-0063,340063LamR,Lam Research,11155 SW Leveton Drive,Tualatin,97062
09-0072,090072Gene,Genesis Acquisition Co dba Northland Furniture Company,681 SE Glenwood Drive,Bend,OR 97702
34-0152,340152Quan,QuantumClean,21421 NW Jacobson Road,Hillsboro,97124
15-0218,150218CDSP,CDS Publications Inc.,2603 South Pacific Highway,Medford,97501
26-1894,261894Herb,Herbert Malarkey Roofing Company,3131 N. Columbia Blvd.,Portland OR,97217
02-2524,022524Oreg,OSU Vet,College of Veterinary Medicine / Magruder hall 105,Corvallis OR,97331
18-0003,180003-1Kl,Klamath Energy LLC,4940 Hwy 97 S,Klamath Falls,97601
22-2525,222525Fran,Frank Lumber Co. Inc.,47983 Lyons-Mill City Drive,Lyons,97358
25-0031,250031Port,Coyote Springs Plant,200 Ullman Blvd.,Boardman,97818
26-2557,262557Blas,Blasen & Blasen Lumber Corp.,2155 N Columbia Blvd.,Portland,97217
30-0056,30-0056_Bl,Blue Mountain Lumber,44112 Rieth Road,Pendleton,97801
29-0007,290007-1Ha,Hampton Lumber Mills Inc. dba Tillamook Lumber Company,3111 East 3rd Street,Tillamook,97141
34-2753,342753Clea,Rock Creek Advanced Wastewater Treatment Facility,3235 SE River Road,Hillsboro,97123
37-0004,370004GasT,Gas Transmission Northwest LLC Stanfield Meter Station,0.8 miles east of Stanfield Loop Road on Guthrey Lane,Stanfield,97875
17-0022,170022-2Ci,Merlin Landfill,1749 Merlin Rd.,Grants Pass,97526
22-3501,223501Casc,Cascade Pacific Pulp LLC,30480 American Drive,Halsey,97348
06-0028,060028Allw,Allweather Wood ,69015 Hauser Depot Rd,North Bend ,97459
26-2572,262572Cont,Container Management Services LLC,3000 NW St. Helens Road,Portland,97210
34-2066,342066-1St,Stimson Lumber Company - Forest Grove Facility,49800 SW Scoggins Valley Road,Gaston,97119
22-0547,220547TDYI,TDY Industries LLC dba ATI Specialty Alloys and Components,1600 Old Salem Rd NE,Albany,97321
03-0030,030030Drav,Dravon Medical Inc.,11465 SE Highway 212,Clackamas Oregon,97015
02-0005,02-0005_HP,HP Inc,1070 NE CIRCLE BLVD,CORVALLIS,97330
22-6009,226009WRGr,W. R. Grace,1290 Industrial Way,Albany,97322
18-0005,180005Inte,Interfor US Inc. Gilchrist Facility,#1 Sawmill Road,Gilchrist,97737
15-0218-SI-01,15-0218_CD,CDS Publications Inc.,2603 South Pacific Highway,Medford,97501.0
05-2520,052520Port,Beaver Port Westward 1 Port Westward 2,80997 and 81566 Kallunki Road,Clatskanie,97016
26-2068,262068ESCO,ESCO Corporation,2211 NW Brewer St.,Portland,97210
25-0008,250008VADA,VAdata Inc.,79539 Rippee Rd,Boardman,97818
30-0112,300112-1No,Meacham Compressor Station,West Side of I-84,Meacham Compressor Station,97470
26-3291,263291Boei,The Boeing Company,4635 NE Cornfoot Road,Portland,97218
18-0097,180097_173,173d Fighter Wing Oregon Air National Guard,221 Wagner Street Suite 16,Klamath Falls,97603
04-0004,040004Geor,Georgia-Pacific Consumer Products LP,92326 Taylorville Road,Clatskanie,97016
26-2025,262025ArcT,Arc Terminals Holdings LLC,5501 NW Front Avenue,Portland,97201
22-1034,221034Bear,Bear Mountain Forest Products Inc.,34363 Lake Creek Drive,Brownsville OR,97327
18-0006,180006JELD,JELD-WEN Inc. dba JELD-WEN,3303 Lakeport Blvd,Klamath Falls,97601
25-0047,250047TMFB,TMF Biofuels LLC,75906 Threemile Road,Boardman,97818
22-0044,220044CGIn,CG Industries,1282 Commercial Way SE,Albany,97322
25-0016,250016Port,Boardman and Carty Generating Stations,Tower Road,Boardman,97818
36-0032,360032Harr,Harris Thermal Transfer Products Inc.,615 S. Springbrook Rd.,Newberg,97132
30-0011,300011Lipp,Lippert Components Inc. Plant 27,3700 NW Westgate,Pendleton,97801
24-0136,240136-5Ci,City of Salem - Willow Lake WPCF,5915 Windsor Island Road Noarth,Salem,97303
15-0104,150104-1Al,Allweather Wood LLC,7893 Pacific Avenue ,White City ,97503
10-0152,100152Nort,Winchester Compressor Station,1137 Brozio Road,Winchester   ,97495
21-0064,210064Trid,Trident Seafoods Newport Fishmeal Plant,1310 SE Bay Blvd,Newport,97365
07-0037,070037Vite,Vitesse Data Center,735 SW Connect Way,Prineville,97754
15-0046,150046Bois,Boise Cascade - White City Veneer,7890Agate Road,White City OR,97503
24-0111,240111Boma,Boman Industries Inc.,2470 Ewald Ave. SE,Salem,97302
26-3228,263228City,Gresham Wastewater Treatment Plant,20015 NE Sandy Blvd,Gresham   ,97230
26-3254,263254Oreg,Oregon Air National Guard,6801 NE Cornfoot Road,Portland,97218
08-0008,080008Sout,South Coast Lumber Co.,17345 Carpenterville Road,P.O. Box 670,Brookings Oregon
26-0236,260236Morg,Morgan Truck Body LLC,4436 NE 158th Ave,Portland ,97230-4906
03-2505,032505Orch,Orchid Othropedic Solutions,13963 Fir street ,Oregon City,97045
36-0011,360011-1Ri,Riverbend Landfill,13469 SW Highway 18,McMinnville,97128
34-2580,342580Perm,Permapost Products Company Inc.,4205 SE Witch Hazel Road P. O. Box 100,Hillsboro,97123
25-0032,250032ConA,Lamb WestonInc. - Boardman West Plant,600 NE Columbia Ave.,Boardman,97818
26-3038,263038Casc,Cascade Corporation,2201 NE 201st,Fairview,97024
01-0038,010038Nort,Baker Compressor Station,7.5 Miles NW of Baker City to Chandler Lane,Baker City,97814
26-9537,26-9537_Ow,Owens Corning Foam Insulation LLC,18456 NE Wilkes Road,Gresham,97230
36-0041,360041MWFi,M&W Fiberglass Inc.,20929 NE Niederberger Road,Dundee,97115
34-2623,342623Clea,Durham Facility,16580 SW 85th Avenue,Tigard,97224
25-0026,250026GasT,Gas Transmission Northwest LLC Compressor Station #9,Four miles southwest of Ione Oregon on Gooseberry Road,Ione,97843
10-0121,100121Hoov,Hoover Treated Wood Products Inc.,303 Dillard Gardens Road,Winston,97496
17-0046,170046Mast,MasterBrand Cabinets Grants Pass Operations,550 SE Mill Street,Grants Pass ,97526
26-0157,260157EZFl,EZFlow LP - Portland Division,3004 North Wygant Street,Portland,97217
03-1791,03-1791_Sa,RSG Forest Products Inc. ,28890 Highway 213,Molalla Oregon,97038
06-0123,060123Oreg,Oregon Resources Corporation,63776 Mullen Road,Coos Bay,97420
37-0087,370087Ener,Miller Compressor Station,10.5 mile Columbia River Main Line,Mist,
26-3267,263267USBa,U.S. Bancorp Columbia Center,17650 NE Sandy Boulevard,Portland,97230
25-0027,250027ConA,Lamb WestonInc. - Boardman East Plant,750 NE Columbia Ave.,Boardman,97818
03-0020,030020-1PC,PCC Structurals Inc. Deer Creek,13350 SE Johnson Road,Milwaukie,97222
34-0007,340007Foug,Fought & Company Inc.,14255 SW 72nd Ave,Tigard,97224
21-0042,210042Nort,NW Natural - Newport LNG,1554 Yaquina Bay Road,Newport,97365
26-3240,263240-1Mi,Microchip Technology Inc.,21015 SE Stark Street,Gresham,97030
23-0032,23-0032_EP,EP Minerals- Celatom Plant,2630 Graham Blvd.,Vale,97918
24-0017,240017Nort,Northwest Coatings Systems Inc,PO Box 906 / 1385 Industrial Way,Woodburn,97071
26-3067,26-3067_Ow,Owens Corning Roofing and Asphalt LLC,11910 NW St. Helens Road,Portland,97231
05-0011,050011Clat,Alden Bailey / Loki,92328 Taylorville Rd.,Clatskanie OR,97016
34-0087,340087Casc,Cascade Coil Drapery Inc.,19505 SW 90th Ct,Tualatin,97062
24-9213,249213Pana,Panasonic Eco Solutions Solar America LLC,5475 Gaffin Rd. SE,Salem,97317
26-2050,262050Oreg,Oregon Health and Sciences University,3181 SW Sam Jackson Park Road,Portland,97201
34-0010,34-0010_So,SolarWorld Americas Inc.,25300 NW Evergreen Rd.,Hillsboro,97124
16-0003,160003Brig,Bright Wood Corporation,335 NW Hess St,Madras,97741
03-0003,030003SRSm,S.R. Smith LLC,1017 SW Berg Parkway,Canby,97013
31-0011,310011Bois,Boise Cascade Wood Products L.L.C. Mt. Emily Lumber,1917 Jackson Avenue,La Grande,97850
34-0005,340005Valm,Valmont Industries Inc.,9700 SW Herman Road,Tualatin,97062
24-0132,240132Heav,Heavenly Wings Pet Cremation LLC,2195 62nd Ave SE,Salem,97317
34-2638,342638Tekt,Tektronix Inc.,14150 SW Karl Braun Drive,Beaverton,Oregon
31-0002,310002Bois,Boise Cascade Wood Products L.L.C. Particleboard,62621 HWY 82,Island City OR,97850
09-0040,090040Desc,Knott Landfill,61050 SE 27th Street,Bend,97702
26-0088,260088Mutu,Mutual Materials Company,2300 Se Hogan Road,Gresham ,97080
24-0070,240070Spec,Specialty Polymers Inc.,2475 Progress Way,Woodburn,97071
15-9638,159638-1Er,Willow Springs,3100 Willow Springs,Central Point,97502
03-0011,030011Wate,Clackamas County Tri-City Water Pollution Control Plant,15941 S. Agnes Avenue,Oregon City,97045
07-0022,070022LesS,Les Schwab Production Center,717 NW Madras Highway,Prineville,97754
36-9504,369504-2Ci,City of Newberg WWTP,2301 NE Wynooski Rd,Newberg,97132
26-2043,262043Cert,CertainTeed Corporation,6350 NW Front Avenue,Portland,97210
03-9511,039511Univ,Universal Recycling Technologies LLC,10151 SE Jennifer Street,Clackamas,97015
03-2634,032634John,Johnson Controls Battery Group Inc.,800 NW 3rd Avenue,Canby,97013
26-2944_1,262944Gund,Gunderson LLC.,4350 NW Front Avenue,Portland,97210
34-2681,342681Inte,Aloha Campus,3585 SW 198th Avenue,Aloha OR,97124
