"","company_source_no","company_name","address","total_unfiltered_emissions","total_unfiltered_emissions_heavy_metals_only"
"1","21-0005","Georgia - Pacific Toledo LLC","1400 SE Butler Bridge Rd, Toledo, 97391",1693883.22157528,1295.88943440505
"2","04-0004","Georgia-Pacific Consumer Products LP","92326 Taylorville Road, Clatskanie, 97016",674919.583332532,1378.71366551906
"3","24-0136","City of Salem - Willow Lake WPCF","5915 Windsor Island Road Noarth, Salem, 97303",260071.967241897,0.18400418082
"4","18-0013","Collins Products, LLC","6410 Highway 66, Klamath Falls,, 97601",223672.184735659,6.00669034762247
"5","22-3501","Cascade Pacific Pulp, LLC","30480 American Drive, Halsey, 97348",204674.714373735,17.4232944
"6","18-0003","Klamath Energy, LLC","4940 Hwy 97 S, Klamath Falls, 97601",189411.079552688,6.208681572
"7","17-0046","MasterBrand Cabinets Grants Pass Operations","550 SE Mill Street, Grants Pass , 97526",170158.551791,0.19674
"8","10-0025","Roseburg Forest Products Dillard Complex","10599 Old Highway 99 South, Dillard, 97432",163636.007972922,3.77783231983877
"9","05-2520","Beaver, Port Westward 1, Port Westward 2","80997 and 81566 Kallunki Road, Clatskanie, 97016",130496.284314701,3.53644158236
"10","25-0031","Coyote Springs Plant","200 Ullman Blvd., Boardman, 97818",93569.51606086,8.7667344
"11","25-0016","Boardman and Carty Generating Stations","Tower Road, Boardman, 97818",87026.6926760539,191.53115701
"12","10-0078","Roseburg Forest Products Riddle Plywood","3064 Cow Creek Road, Riddle, 97469",79283.8292543232,2.000294928
"13","06-0010","Roseburg Forest Products Coquille Plywood","Cedar Point Road, Coquille, 97423",71081.322381014,0.20736396
"14","22-0143","Flakeboard America Limited, Duraflake","2550 Old Salem Road NE, Albany, 97321",60061.9609301275,8.88020234522662
"15","15-0004","Boise Cascade - Medford Plywood","3285 N. Pacific Hwy, Medford, OR, 97501",53421.8245073584,205.212808287491
"16","10-0012","Douglas County Inc., DBA Douglas County Forest Products","398 Del Rio Rd., Rosebur, 97471",52041.8951827302,206.116156436108
"17","31-0002","Boise Cascade Wood Products, L.L.C., Particleboard","62621 HWY 82, Island City, OR, 97850",51404.2176706988,1.48975253668908
"18","15-0025","Timber Products Co. Limited Partnership","25 E. McAndrews Road, Medford, 97501",44387.0113102782,5.374976148
"19","26-3009","Arclin Portland Division","2301 N Columbia Boulevard, Portland, 97217",44086.102980849,10.23520176
"20","05-2085","Armstrong World Industries","1645 Railroad Avenue, St. Helens, 97051",43742.2885226383,NA
"21","22-6034","Georgia-Pacific Consumer Products LP - Halsey Mill","30470 American drive, Halsey, 97348",40942.3609354491,11.9933179220673
"22","17-0030","TP Grants Pass, LLC","1090 SE M Street, Grants Pass, 97526",38340.906979224,21.36611886
"23","10-0013","Roseburg Forest Products Riddle Engineered Wood","4500 Riddle Bypass Road, Riddle, 97469",36692.1170808353,11.8203083964
"24","26-2968","Mondelez Global LLC","100 NE Columbia Blvd, Portland, 97211-1416",35688.67182385,7.3604406
"25","29-0007","Hampton Lumber Mills, Inc. dba Tillamook Lumber Company","3111 East 3rd Street, Tillamook, 97141",31951.3710123,0.028413
"26","08-0003","Pacific Wood Laminates, Inc.","P.O. Box 820, Brookings, Oregon, 97415",31355.5836993264,361.272475650232
"27","15-0012","Murphy Veneer","7975 11th Street, White City, 97503",29521.0659000604,4.579541366592
"28","04-0041","Hampton Lumber Mills, Inc.","550 Skipanon Drive, Warrenton, 97146",27702.0499,NA
"29","31-0006","Boise Cascade Wood Products, L.L.C., Elgin Complex","90 South 21st Street, Elgin, 97827",27545.70882,NA
"30","24-5398","Covanta Marion, Inc.","4850 Brooklake Rd. NE, Brooks, 97305",26331.6261125668,33.56372737
"31","18-0014","Columbia Forest Products, Columbia Plywood Corporation","4949 S Highway 97, Klamath Falls, 97601",25813.207094,NA
"32","10-0030","Swanson Group Mfg. LLC Roseburg Stud Division","2635 Old Highway 99 South, Roseburg Oregon, 97470",25714.0062496,7.2591648
"33","15-0073","Roseburg Forest Products Medford MDF","2865 N. Pacific Hwy, Medford, 97501",25532.7156136975,1.6006648356
"34","22-2522","Plant # 3 Plywood Division","47842 yons-Mill City Dr., Mill City, 97360",24125.0460833595,312.979006554545
"35","22-6002","Freres Lumber Co. Inc. Lyons Facility","141 14th St., Lyons, 97358",23957.645104913,239.100707353909
"36","03-2777","Miles Fiberglass & Plastics Inc.  Building A","1516 Main St , Oregon City, 97045",23949.87133665,NA
"37","10-0022","Murphy Company - Engineered Wood Division","412 West Central Avenue, Sutherlin, 97479",23158.7801014808,9.211723812
"38","15-0014","Murphy Plywood Softwood Division","5205 North River Road, Rogue River, 97537",22311.976611344,0.3360834944
"39","05-0014","Clatskanie Chip Plant","76103 Highway 47, Clatskanie   , 97016",21871.6440943035,NA
"40","24-0070","Specialty Polymers, Inc.","2475 Progress Way, Woodburn, 97071",20565.7865757,0.531198
"41","03-2533","Interfor US Inc. – Molalla Division","15555 S. Highway 211, Molalla, 97038",20267.4325624,12.492956
"42","34-2066","Stimson Lumber Company - Forest Grove Facility","49800 SW Scoggins Valley Road, Gaston, 97119",20052.8649132121,NA
"43","24-8082","Ennis Flint, Inc.","1675 Commercial Street NE, Salem, 97301",19815.0554245669,NA
"44","26-0088","Mutual Materials Company","2300 Se Hogan Road, Gresham , 97080",19612.45466674,12.4320079
"45","03-1791","RSG Forest Products, Inc. ","28890 Highway 213, Molalla, Oregon, 97038",18985.0245851939,8.617212
"46","10-0121","Hoover Treated Wood Products, Inc.","303 Dillard Gardens Road, Winston, 97496",18886.7714274503,3.5645320711
"47","34-2678","Viasystems Corporation (dba TTM Technologies, Inc.)","1521 Poplar Lane, Forest Grove, 97116",18426.6789828589,4.18400823252868
"48","26-0100","Columbia Boulevard WWTP","5001 N. Columbia Boulevard, Portland, 97203",18283.937571446,3.52710612
"49","03-2778","Miles Fiberglass & Plastics Inc.","8855 SE Otty Road, Happy Valley, 97086",17939.764741757,NA
"50","19-0002","Lakeview Sawmill","1600 Missouri Avenue, Lakeview, 97630",17109.0173227988,1657.94995280225
"51","02-7082","Philomath Georgia-Pacific Wood Products, LLC","24808 Alsea Highway, Philomath, 97370",15366.6458130584,9.0989534988
"52","26-2043","CertainTeed Corporation","6350 NW Front Avenue, Portland, 97210",15041.6991673346,12.6834447272
"53","22-3010","Weyerhaeuser Company - Foster Engineered Lumber Products","6011 Highway 20 East, Sweet Home, 97386",15005.011118966,0.18218124
"54","10-0045","Swanson Group Mfg. LLC Glendale Plywood/Veneer","303 Mehlwood lane, Glendale , Oregon, 97442",12824.945638652,2.659320426
"55","02-2298","Oregon State University","3015 SW Western Blvd, Corvallis, 97331",12284.2966861812,14.533023500148
"56","11-0001","Columbia Ridge Landfill and Recycling Center","18177 Cedar Springs Landfill and Recycling Center, Arlington, 97812",12070.4599310226,0.297466244705882
"57","15-0030","City of Medford Vernon Thorpe RWRF","1100 Kirtland Road, Central Point, 97502",11677.9965303034,0.219679932018
"58","23-0032","EP Minerals- Celatom Plant","2630 Graham Blvd., Vale, 97918",11644.5223424314,25.3875638834308
"59","24-0129","Steelhead Metal & Fab LLC","3958 Boone Rd SE, Salem, 97301",11167.572482,11167.572482
"60","26-0026","Rodda Paint Co.","6123 N. Marine Drive, Portland, 97203",11154.436709093,19.6698
"61","10-0033","Orenco Systems, Inc.","814 Airway Ave., Sutherlin, 97479",10883.8883906283,0.4825205892
"62","34-0152","QuantumClean","21421 NW Jacobson Road, Hillsboro, 97124",10782.421618728,NA
"63","05-1849","Cascades Tissue Group - Oregon","1300 Kaster Road, St. Helens, 97051",10605.666930231,17.470512
"64","03-0003","S.R. Smith, LLC","1017 SW Berg Parkway, Canby, 97013",10108.073,1.9812
"65","33-0007","Wasco County Landfill","2550 Steele Rd, The Dalles, 97058",9575.64763700819,0.273801347332813
"66","18-0006","JELD-WEN, Inc. dba JELD-WEN","3303 Lakeport Blvd, Klamath Falls, 97601",9329.148721119,7.28115066
"67","34-2762","Bonita Packaging Products Inc. dba Bonita Pioneer","7333 SW Bonita Rd, Portland, 97224",8993.55,NA
"68","03-0041","McClure Industries","9051 SE 55th Avenue, Portland, 97206",8846.2650814652,3.254536328
"69","31-0028","Hexion Inc.","62575 Oregon Hwy 82, Island City, 97850",8794.75111797672,1.190434392
"70","18-0005","Interfor US, Inc., Gilchrist Facility","#1 Sawmill Road, Gilchrist, 97737",8746.896007038,0.16093332
"71","03-0011","Clackamas County Tri-City Water Pollution Control Plant","15941 S. Agnes Avenue, Oregon City, 97045",8587.76524692168,81.3837920804476
"72","26-2026","Phillips 66 Portland Terminal","5528 NW Doane Avenue, Portland, 97210",8017.05570034564,3.54331353339607
"73","26-1865","EVRAZ Portland - Rivergate","14400 N Rivergate Blvd, Portland, 97203",7826.55289008,60.662124
"74","26-2028","Kinder Morgan Liquids Terminals, LLC","5880 NW St. Helens Road, Portland, 97210",7666.38860522143,1.44152817
"75","36-5034","Cascade Steel Rolling Mills","3200 North Highway 99W, McMinnville, 97128",7418.95231109989,3207.95500211299
"76","25-0038","Tidewater Terminal Company - Boardman Biofuels Dock","71987 Lewis & Clark Dr, Boardman, 97818",7115.747,NA
"77","34-2681","Intel Corporation",", Aloha Campus, 3585 SW 198th Avenue",7109.24601400132,48.7948559448
"78","10-0054","Emerald Forest Products Plant #4","649 Fir Street, Drain, 97435",7032.162512933,NA
"79","15-0046","Boise Cascade - White City Veneer","7890Agate Road, White City, OR, 97503",6843.76115794,5.7723516
"80","26-1869","Columbia Steel Casting Co., Inc.","10425 N. Bloss Avenue, Portland, 97283",6628.10518555574,450.81411668
"81","36-0011","Riverbend Landfill","13469 SW Highway 18, McMinnville, 97128",6503.50963924941,0.0355233441176471
"82","03-0010","Clackamas County Kellogg Creek Water Pollution Control Plant","11525 SE McLoughlin Blvd., Milwaukie, 97222",6432.32150270447,46.0628288891488
"83","33-0003","Amerities West LLC","100 Tie Plant Road, The Dalles, 97058",6417.92189434008,2.1602940072
"84","34-9510","Summit Natural Energy","535 N. 4th Ave., Cornelius, 97113",6107.20042210638,1.02101092034695
"85","22-0547","TDY Industries, LLC dba ATI Specialty Alloys and Components","1600 Old Salem Rd NE, Albany, 97321",5986.73254220681,19.50087616
"86","36-8010","Hampton Lumber Mills, Inc. dba Willamina Lumber Company","1000 Willamina Creek Drive, Willamina, 97396",5963.5712597984,0.314784
"87","30-0016","Boise Cascade Wood Products, L.L.C., Kinzua Lumber","600 NW Cedar St., Pilot Rock, 97868",5851.23834532722,8.66620179105058
"88","26-3224","Vigor Industrial, LLC","5555 N. Channel Ave, Portland, 97217",5782.89831186915,208.991979586682
"89","26-2944","Gunderson, LLC.","4350 NW Front Avenue, Portland, 97210",5600.503235042,5424.899928242
"90","08-0008","South Coast Lumber Co.","17345 Carpenterville Road, P.O. Box 670, Brookings, Oregon",5083.45118,NA
"91","30-0028","Vadata,Inc","2400 Beach Access Road, Umatilla, 97882",5080.82830282571,6.54540188574921
"92","03-2738","Consolidated Metco Inc.","10448 Highway 212, Clackamas, 97015",5032.97498009228,112.412052348
"93","25-0006","Pacific Ethanol Columbia, LLC","71335 Rail Loop Drive, Boardman, 97818",4966.47735742795,35.7738027786
"94","09-0084","Gas Transmission Northwest LLC, Compressor Station #12","U.S. 97, 19 miles south of Bend, Oregon, Bend, 97702",4852.5036447658,NA
"95","26-2029","Shore Terminals LLC","9420 NW St. Helens Road, Portland, 97231",4770.1516221023,0.018532435824
"96","07-0046","Prineville Data Center","1600 SW Baldwin Rd., Prineville, 97754",4733.9520048,6.0985368
"97","23-0003","KraftHeinz Food Company, Ontario, OR","175 NE 6th Ave, Ontario, 97914",4732.57032652456,35.9204271984
"98","18-0072","Gas Transmission Northwest LLC, Compressor Station #14","Harpold Valley Road, 3 miles south of Bonanza, Bonanza, 97623",4411.4993649558,NA
"99","10-0031","Roseburg Landfill","384 McLain West Avenue, Roseburg , 97470",4385.343968,0.02892
"100","28-0007","Gas Transmission Northwest LLC, Compressor Station #10","Wilcox Rd., 18 miles south of Grass Valley, OR on Hwy 97, Grass Valley, 97029",4363.628000042,NA
"101","25-0032","Lamb Weston,Inc. - Boardman West Plant","600 NE Columbia Ave., Boardman, 97818",4225.414163824,32.074673216
"102","25-0002","Oregon Potato Company","650 E. Columbia Ave, Boardman, OR, 97818",4116.688185038,31.24585332
"103","15-0029","Carestream Health, Inc.","8124 Pacific Avenue, White City, 97503",4087.473659094,7.52783614
"104","09-0040","Knott Landfill","61050 SE 27th Street, Bend, 97702",4072.1736738592,0.022242948
"105","26-2030","BP West Coast Products, LLC: Portland Terminal","9930 NW St. Helens Road, Portland, 97231",4030.11749906922,0.400536793764706
"106","25-0007","Vadata,Inc","73575 Lewis and Clark Drive, Boardman, 97818",3981.89355510287,5.12969382766348
"107","26-3240","Microchip Technology Inc.","21015 SE Stark Street, Gresham, 97030",3980.7680249536,5.9812193136
"108","36-8031","Boise Cascade - Willamina Veneer","34160 SW Valley Highway, Willamina, OR, 97396",3920.84814624,0.1259136
"109","26-1876","Owens-Brockway Glass Container Inc.","9710 NE Glass Plant Rd., Portland, 97294-0067",3820.5197791,850.3157606
"110","07-0037","Vitesse Data Center","735 SW Connect Way, Prineville, 97754",3796.8163392,4.8912672
"111","12-0032","Malheur Lumber Company","60339 West Highway 26, John Day, OR, 97845",3674.8954,NA
"112","09-0015","JELD-WEN, inc. dba JELD-WEN","62845 Boyd Acres Road, Bend, 97701",3656.5023511956,0.386712144
"113","26-1815","Owens Corning Roofing & Asphalt, LLC","3750 NW Yeon Avenue, Portland, 97210",3639.96704410062,187.0286636989
"114","30-0056","Blue Mountain Lumber","44112 Rieth Road, Pendleton, 97801",3575.41315677799,289.520215268442
"115","02-2173","Hollingsworth & Vose Fiber Company","1551 SE Crystal Lake Drive (Plant 1); 1220 SE Crystal Lake Drive (Plant 2), Corvallis, 97339",3481.49742692745,26.4247261502825
"116","01-0038","Baker Compressor Station","7.5 Miles NW of Baker City to Chandler Lane, Baker City, 97814",3381.73771599701,0.37498644
"117","30-0075","Lamb Weston,Inc. - Hermiston Plant","78153 Westland Road, Hermiston, 97838",3337.4551102593,25.3321624441989
"118","25-0008","VAdata, Inc.","79539 Rippee Rd, Boardman, 97818",3211.94571515875,4.13780476093473
"119","25-0027","Lamb Weston,Inc. - Boardman East Plant","750 NE Columbia Ave., Boardman, 97818",3185.09266194784,24.1765783357795
"120","34-0157","T5 Datacenters","3145 NE Brookwood Pkwy, Hillsboro, 97124",3124.04016,4.02456
"121","03-2145","West Linn Paper Company","4800 Mill Street, West Linn, 97068",3087.70979947776,103.4653758308
"122","26-2050","Oregon Health and Sciences University","3181 SW Sam Jackson Park Road, Portland, 97201",2878.26621310811,20.3200828293946
"123","03-0093","Dave's Killer Bread","5209 SE International Way, Milwaukie, 97222",2800.214954564,1.06318296
"124","34-0058","International Paper Co.","23950 NW Huffman Street, Hillsboro, OR, 97124",2776.10188058824,0.431275911282546
"125","09-0036","Bend Research Inc., BRI-M1","20503 Builders Street, Bend, 97701",2752.24148939162,4.6742653271232
"126","26-2952","United States Bakeries dba as Franz Bakery","340 NE 11th Avenue, Portland, 97232",2676.24447125145,3.183576008
"127","26-0027","On Semiconductor","23400 NE Glisan St., Gresham, 97030",2459.24659569,5.8624218
"128","22-6024","ENTEK International LLC","250 Hansard Ave, Lebanon, OR, 97355",2454.1683349574,18.6272509283964
"129","22-6009","W. R. Grace","1290 Industrial Way, Albany, 97322",2166.33309378734,0.56110248
"130","33-0022","Design, LLC","4200 Columbia Road, The Dalles, 97058",2162.57396844209,2.78616994032
"131","03-0065","Conveyco Mfg. Corp.","15151 S.E. Minuteman Way, Clackamas, Oregon, 97015",2128.7626984,NA
"132","31-0011","Boise Cascade Wood Products, L.L.C., Mt. Emily Lumber","1917 Jackson Avenue, La Grande, 97850",2086.0801834285,3.31827052001322
"133","03-2754","Safeway Clackamas Bread Plant","9450 SE Mangan Dr, Clackamas Or, 97015",2026.85067904,1.8572256
"134","34-0016","AGC Electronics","4375 NW 235th Ave, Hillsboro, 97124",1917.805,NA
"135","26-1885","Galvanizers Company","2406 NW 30th Avenue, Portland, 97210",1859.618365764,674.24150096
"136","34-0009","International Paper","5570 SW Western Ave, Beaverton, 97005",1816.52329993867,1.75597008
"137","34-2753","Rock Creek Advanced Wastewater Treatment Facility","3235 SE River Road, Hillsboro, 97123",1806.73561402336,1.786697921664
"138","34-0004","Hillsboro Landfill","3205 SE Minter Bridge Road, Hillsboro , 97123",1802.01452947379,0.464114638552807
"139","36-0041","M&W Fiberglass, Inc.","20929 NE Niederberger Road, Dundee, 97115",1665.528,NA
"140","26-3002","Siltronic Corporation","7200 NW Front Ave, Portland, 97210",1612.719172045,1.1178327
"141","30-0112","Meacham Compressor Station","West Side of I-84, Meacham Compressor Station, 97470",1565.385193322,0.21287268
"142","34-2804","Maxim Integrated ","14320 SW Jenkins Road, Beaverton, 97005",1519.35502869788,2.60565719189971
"143","18-0089","JELD-WEN, Inc. dba JELD-WEN","31725 Highway 97, Suite A, Chiloquin, 97624-9702",1346.9724476102,NA
"144","15-0020","Boise Cascade - Rogue Valley Plywood","1795 Antelope Road, White City, OR, 97503",1328.17393204,1.6604856
"145","26-2478","Shell Portland Terminal","3800 NW St. Helens Road, Portland, 97210",1323.88557144351,NA
"146","22-0328","Oregon Metallurgical, LLC dba ATI Albany Operations","530 34th Ave SW, Albany, 97322",1203.72124619716,5.3512340764408
"147","25-0047","TMF Biofuels, LLC","75906 Threemile Road, Boardman, 97818",1180.55704648526,3.83471634528
"148","26-2914","Port of Portland","7200 NE Airport Way, Portland, 97218",1177.81951712462,5.281390934
"149","02-9502","Valley Landfills, Inc.","28972 Coffin Butte Road, Corvallis, 97330",1128.00728122371,0.456916577306987
"150","26-2025","Arc Terminals Holdings, LLC","5501 NW Front Avenue, Portland, 97201",1119.50482147285,2.2152924
"151","26-3310","Metropolitan Service District. Saint Johns Landfill","9687 N. Columbia Blvd., Portland, 97220",1089.60052434308,0.00476651400577
"152","22-2525","Frank Lumber Co., Inc.","47983 Lyons-Mill City Drive, Lyons, 97358",1038.98576725453,38.00340024972
"153","26-3048","Oil Re-Refining Company","4150 N Suttle Road, Portland, 97217",949.410202089,5.448
"154","34-2623","Durham Facility","16580 SW 85th Avenue, Tigard, 97224",945.0501835899,2.63137770864
"155","26-2204","The Boeing Company","19000 NE Sandy Boulevard, Gresham, 97230",902.717467366,6.85166724
"156","24-5155","Oregon State Penitentiary","2605 State Street, Salem, 97310",892.218340186185,5.625327289128
"157","26-3135","Bullseye Glass Company","3722 SE 21st Avenue, Portland, 97202",875.351604773489,6.05689319553375
"158","10-0210","Roseburg Landfill Gas to Energy Facility","384 McLain West Ave, Roseburg, 97471",844.807047775243,0.0880422326232
"159","09-0022","PCC Structurals, Inc., Schlosser","345 NE Hemlock Ave., Redmond, 97756",837.631299572361,2.21955561236124
"160","24-0060","Snyder's Lance Inc.","3125 Kettle Ct. SE, Salem, 97301",828.739529852,6.29017128
"161","22-1034","Bear Mountain Forest Products, Inc.","34363 Lake Creek Drive, Brownsville, OR, 97327",817.334381812,6.20360568
"162","03-0098","PECO, Inc.","11241 SE Hwy 212, Clackamas, 97015",798.235954244427,17.6590705437497
"163","18-0096","Gas Transmission Northwest LLC, Compressor Station #13","¼ mile west of Diamond Lake Junction off US 97 & 138, Chemult, 97731",795.5785152582,NA
"164","34-2783","Bimbo Bakeries USA, Inc.","10750 SW 5th Street, Beaverton, 97005",793.43151882356,2.6692030584
"165","18-0020","Industrial Oils, Inc.","1291 Laverne Ave., Klamath Falls, 97601",773.3243557076,17.905638
"166","25-0026","Gas Transmission Northwest LLC, Compressor Station #9","Four miles southwest of Ione, Oregon on Gooseberry Road, Ione, 97843",769.6066117886,NA
"167","05-2581","NW Natural - Miller Station","off private logging road, northwest of Mist, OR, Mist, not applicable",764.02443738825,NA
"168","24-0148","Columbia Helicopters","14452 Arndt rd, Aurora, 97002",754.144436,22.4468489
"169","34-0067","CoorsTek Oregon Operations","555 NE 53rd Ave, Hillsboro, 97124",742.4190566,0.511524
"170","24-7067","NORPAC Foods, Inc. Stayton Plant #1","930 W Washington Street, Stayton, 97383",684.489819686196,5.19530932235294
"171","36-7004","McFarland Cascade Holdings Inc.","22125 SW Rock Creek Road, Sheridan, 97378",676.28453120802,2.4042060828
"172","27-0012","Meduri Farms, Inc.","12375 Smithfield Road, Dallas, 97338",675.5969045449,5.127811686
"173","26-3067","Owens Corning Roofing and Asphalt, LLC","11910 NW St. Helens Road, Portland, 97231",667.745496951,5.06821914
"174","26-2068","ESCO Corporation","2211 NW Brewer St., Portland, 97210",627.469029082875,66.2996848435634
"175","26-1894","Herbert Malarkey Roofing Company","3131 N. Columbia Blvd., Portland, OR, 97217",589.753486362413,4.47197663739769
"176","26-3267","U.S. Bancorp Columbia Center","17650 NE Sandy Boulevard, Portland, 97230",540.19825859209,0.695913046008789
"177","34-9514","Agilyx Corporation","7904 Hunziker Street, Tigard, 97223",539.952219294118,3.98868057859209
"178","26-2197","Daimler Trucks North America LLC","6936 N Fathom Street, Portland, 97217",507.769470566595,3.6977622928577
"179","03-2634","Johnson Controls Battery Group, Inc.","800 NW 3rd Avenue, Canby, 97013",507.117648383207,27.710956823027
"180","15-0222","Boise Cascade - Engineered Wood Products","1155 Antelope Road, White City, OR, 97503",482.7723024,NA
"181","21-0042","NW Natural - Newport LNG","1554 Yaquina Bay Road, Newport, 97365",434.44567488119,0.22389012
"182","03-2624","Blount, Inc.","4909 SE International Way, Milwaukie, 97222",421.217534278578,3.19706052542793
"183","18-0097","173d Fighter Wing Oregon Air National Guard","221 Wagner Street, Suite 16, Klamath Falls, 97603",396.01,0.3
"184","22-8045","OFD Foods, LLC - Plant 2 & 3","525 25th Ave SW, Albany, Oregon, 97322",388.83214431278,2.9520436692
"185","26-3228","Gresham Wastewater Treatment Plant","20015 NE Sandy Blvd, Gresham   , 97230",385.394048555231,1.0742715084
"186","22-0011","Pacific Cast Technologies, Inc. dba ATI Cast Products","150 Queen Ave SW, Albany, 97322",380.1900754788,5.3507019588
"187","22-8056","EnerG2 Technologies, Inc.","3000 Calapooia Street SW, Albany, 97322",373.2846755644,2.788723416
"188","34-2813","Jireh Semiconductor Inc.","3131 NE Brookwood Pkwy, Hillsboro, 97124",362.698424982,2.55188772
"189","26-3291","The Boeing Company","4635 NE Cornfoot Road, Portland, 97218",353.9941234648,2.130910872
"190","34-0010","SolarWorld Americas, Inc.","25300 NW Evergreen Rd., Hillsboro, 97124",353.730085002,0.310604208
"191","26-2390","Supreme Perlite Company","4600 North Suttle Road, Portland, 97239",352.94111916674,2.6788393836
"192","34-2638","Tektronix, Inc.","14150 SW Karl Braun Drive, Beaverton, Oregon",344.870414718337,2.125621661988
"193","22-8050","Stahlbush Island Farms, Inc.","3122 Stahlbush Island Rd., Corvallis, OR, 97333",343.547478481439,2.05543214742527
"194","29-0003","Farm Power Tillamook","2200 McCormick Loop Rd, Tillamook, 97141",333.740091608,0.599465328
"195","22-8042","Albany Compressor Station","34939 Spicer Drive SE, Albany, 97321",320.88508268366,0.0740156572
"196","26-3241","Sapa Extrusions","5325 NE Skyport Way, Portland, 97218",319.366335780859,2.41772343148818
"197","26-2777","Graphic Packaging International, Inc.","3400 North Marine Drive, Portland, OR, 97217",317.27048184,2.4080976
"198","26-0076","FLINT GROUP NORTH AMERICA","2985 N MARINE DR, PORTLAND, 97217-7745",302.63928356168,0.0004879152
"199","26-3051","International Paper- Portland Container","1601 NE 192nd ave, Portland, 97230",290.632807247059,2.20591642044359
"200","15-0022","Plycem USA, LLC","1200 Ave G, White City, 97503",289.7659305099,2.199336786
"201","26-3272","Oldcastle APG West, Inc. dba Sakrete of the Pacific Northwest","1402 North River St., Portland, 97227",279.364019135944,1.37435606188076
"202","03-0016","Wolf Steel Foundry Inc.","6160 South Whiskey Hill Road, Hubbard Oregon, 97032",266.7606808518,225.840730824
"203","25-0036","Columbia River Processing, Inc.","79588 Rippee Road, Boardman, 97818",264.495751364,2.00753496
"204","24-8061","Boise Packaging & Newsprint, L.L.C. (subsidiary of Packaging Corporation of America)","2121 Madrona Avenue SE, Salem, 97302",263.054918275474,1.99659897036
"205","29-0008","Farm Power Misty Meadow","23 Evergreen Dr, Tillamook, 97141",244.186590992,0.772210272
"206","26-2492","Northwest Pipe Company","12005 N Burgard, Portland, 97203",221.833970628,97.06783992
"207","29-0004","Tillamook County Creamery Association","4185 Highway 101 N, Tillamook, 97141",211.646374,0.3999632
"208","26-2557","Blasen & Blasen Lumber Corp.","2155 N Columbia Blvd., Portland, 97217",186.5556,NA
"209","34-0063","Lam Research","11155 SW Leveton Drive, Tualatin, 97062",179.65748423322,1.2648947182072
"210","25-0039","Calbee North America","72600 Lewis & Clark Dr., Boardman, OR, 97818",173.772982864,1.31894496
"211","34-0005","Valmont Industries, Inc.","9700 SW Herman Road, Tualatin, 97062",172.062210658,1.30596012
"212","30-9503","Pioneer Hi-Bred International","2212 SE 9th street, Hermiston, Or, 97838",161.289438366166,1.22419428111432
"213","16-0026","Gas Transmission Northwest LLC, Compressor Station #11","Oregon Hwy. 26, 12 miles south of Madras, Oregon, Madras, 97741",157.8825047574,NA
"214","03-0050","Xerox","26600 SW Parkway Avenue, Suite #200, Wilsonville, 97070",148.62487392,0.19146672
"215","21-0064","Trident Seafoods Newport Fishmeal Plant","1310 SE Bay Blvd, Newport, 97365",148.39816668,0.4879152
"216","27-8034","Forest River, Inc.","900 Walnut Street, Independence, 97351-2143",145.1564296,1.101744
"217","26-0018","East Side Plating - Plant #5","1300 SE 2nd Ave., Portland, 97214-3301",144.2583,144.2583
"218","27-0004","Forest River, Inc.","1429 and 1430 SE Uglow Avenue, Dallas, 97338",143.123426384314,1.08631341176471
"219","09-9508","Suterra LLC","20950 Talus Place, Bend, OR, 97701",141.0268736253,1.042241742
"220","03-2505","Orchid Othropedic Solutions","13963 Fir street , Oregon City, 97045",140.646211966,1.06751124
"221","07-0001","Contact Industries, LLC","1155 N. Main     PO Box 309, Prineville, OR, 97754",138.2722650106,0.530529084
"222","24-8062","Foster Farms, LLC  -  Donald Feedmill","11671 Ehlen Road, Aurora, 97002",130.588945058,0.99117612
"223","34-2790","Tokyo Ohka Kogyo America, Inc.","4600 NE Brookwood Parkway, Hillsboro, 97124",130.222088102977,0.98839165878
"224","04-0006","BioOregon Protein, Inc.","1935 NW Warrenton Drive, Warrenton, 97146",125.45662844,0.9522216
"225","22-0042","Isovolta Inc.","495 Territorial Street, Harrisburg, 97446",122.14187768692,0.9270624888
"226","22-8041","Selmet Inc.","33992 SE Seven Mile Ln., Albany, 97322",112.224775847937,2.42182881229525
"227","26-2572","Container Management Services, LLC","3000 NW St. Helens Road, Portland, 97210",105.49761937,0.8007318
"228","26-3254","Oregon Air National Guard","6801 NE Cornfoot Road, Portland, 97218",103.34600039922,0.124782550256
"229","24-9201","McMinnville Compressor Station","6302 Torvend Road NE, Silverton, 97381",101.691640436628,0.0019792044
"230","26-0171","East Side Plating - Plant #4","310 SE Stephens St, Portland, 97214",99.473487399586,98.691727107124
"231","15-0104","Allweather Wood LLC","7893 Pacific Avenue , White City , 97503",97.8819014267176,0.861749790064
"232","07-0022","Les Schwab Production Center","717 NW Madras Highway, Prineville, 97754",97.4184645908628,0.739410642352941
"233","05-0023","Columbia Pacific Bio-Refinery","81200 Kallunki Road, Clatskanie, 97016",95.3028760136454,NA
"234","18-0022","Electro Scientific Industries ","4700 ESI Way , Klamath Falls , 97601",94.403520822,0.71652708
"235","36-9504","City of Newberg WWTP","2301 NE Wynooski Rd, Newberg, 97132",87.83976,0.11316
"236","05-2042","Dyno Nobel Inc.","63149 Columbia River Highway, Deer Island, 97054",87.83,NA
"237","36-0026","Lippert Components, Inc. Plant 107","150 SE Booth Bend Road, McMinnville, 97128",82.016,82.016
"238","27-0005","Elkay Wood Products Company","625 Hoffman Road, Independence, 97351-9805",70.50455152,0.5351328
"239","03-2729","Oregon City Compressor Station","13124 Springwater Road South, Oregon City    , 97045",67.057040308,0.02321532
"240","03-2719","Georgia-Pacific Gypsum, LLC","505 NE 3rd Avenue, Canby, 97103",66.6319853446,0.505739844
"241","03-2631","Eagle Foundry Co.","23123 SE Eagle Creek Road, PO Box 250, Eagle Creek, 97022",66.577964685,0.745367185
"242","22-8043","Forest River, Inc.","30725 Diamond Hill Road, Harrisburg, 97446",63.5313504901961,0.482205882352941
"243","01-0029","Ash Grove Cement Company - Durkee","33060 Shirttail Creek Road, Durkee, 97905",48.1409170974301,48.1409170974301
"244","24-9213","Panasonic Eco Solutions Solar America, LLC","5475 Gaffin Rd. SE, Salem, 97317",42.23755764,0.05441274
"245","10-0152","Winchester Compressor Station","1137 Brozio Road, Winchester   , 97495",41.96102574327,0.033450593
"246","26-3036","East Side Plating - Plant #1,2,3","8400 SE 26th Pl., Portland, 97202",41.25653995575,41.2068949651
"247","34-0149","Avery Regional Service Center","10800 SW Avery St, Tualatin, 97062-8585",37.561942624,0.553904284
"248","26-1889","J.R. Simplot Company, Rivergate Terminal","14003 N Rivergate Blvd, Portland, 97203",37.466582040328,0.282576650630456
"249","14-0003","Bear Mountain Forest Products, Inc.","5 NW Cramblett Way, Cascade Locks, OR, 97014",36.56632,NA
"250","26-9550","Portland Service Center","3700 SE 17th Ave, Portland, 97202-3833",35.2819471488,0.0454521408
"251","26-3230","Lacamas Laboratories","3625 N Suttle Rd, Portland, 97217",34.5368619284,0.262136376
"252","03-0037","J and D Fertilizers, Ltd.","9205 S Kraxberger Rd., Canby, 97013",33.6970283,0.255762
"253","26-3311","Supreme Group","4600 NE 138th Avenue, Portland, 97230",32.508,32.508
"254","03-0052","Pesznecker Brothers Inc.","15500 SE 102nd Ave , Clackamas, 97015",28.48216111558,4.6832330132
"255","26-2832","Portland State University","1900 SW Fourth Avenue, Portland  , 97207",22.784738,0.146596
"256","03-0061","Sunstone Circuits, LLC","13626 S Freeman Rd., Mulino, 97042",22.42132998,22.42132998
"257","22-0010","Wastequip Manufacturing Company LLC Dba Wastequip Oregon ","33710 Oakville Road, Albany, 97321",20.062614,20.062614
"258","26-0157","EZFlow, LP - Portland Division","3004 North Wygant Street, Portland, 97217",19.698174673,0.05961222
"259","30-0011","Lippert Components, Inc. Plant 27","3700 NW Westgate, Pendleton, 97801",18.74272,18.74272
"260","26-0243","East County Courts","18480 SE Stark Street, Portland, 97223",18.491033304,0.023821164
"261","26-3038","Cascade Corporation","2201 NE 201st, Fairview, 97024",16.6389477328506,0.0529205971412526
"262","24-0010","Fleetwood Homes - Woodburn","2655 Progress Way, Woodburn, 97071",15.6077165,15.6077165
"263","36-0040","Meggitt Polymers & Composites","2010 Lafayette Avenue, McMinnville, 97128",15.0622436873126,0.114323124747307
"264","22-0005","Clayton Albany","2445 Pacific Blvd., SW, Albany, 97321",14.5522431,14.5522431
"265","03-9507","Molalla Gate Station","10405 S. Barnards Road, Molalla, OR, 97038",13.8924009958548,NA
"266","24-0114","M-B COMPANIES, INC.","2490 Ewald Ave. SE, Salem, 97302",12.0204507901754,0.52094693111299
"267","36-0032","Harris Thermal Transfer Products Inc.","615 S. Springbrook Rd., Newberg, 97132",11.5914028,11.5914028
"268","26-9554","Signature Graphics, Inc.","15040 NE Mason St., Portland, 97230",8.5604086218066,0.064973896524
"269","30-0008","Clayton Hermiston","400 West Elm Avenue, Hermiston, 97838",8.4464892,8.4464892
"270","34-0056","Finishing First Inc.","12970 SW Hall Boulevard, Tigard, 97223",7.465187808,0.05666112
"271","22-0006","Palm Harbor Homes - Millersburg","3737 Palm Harbor Drive, Millersburg, 97321",6.6818154,6.6818154
"272","30-0113","Hermiston Generating Plant L.P.","78145 Westland Road, Hermiston, 97838",5.58480449271018,0.00719465167476646
"273","26-3317","Silver Eagle Manufacturing Company","5825 NE Skyport Way , Portland, 97220",5.4912,5.4912
"274","15-0218","CDS Publications, Inc.","2603 South Pacific Highway, Medford, 97501",3.9684731021,0.030120894
"275","10-0008","Oregon Door Company","477 Dillard Gardens Road , Dillard, OR, 97432",3.7533305368,0.028487952
"276","34-0017","Dynic USA Corporation","4750 NE Dawson Creek Drive , Hillsboro, 97124",2.6828485259238,0.020362944132
"277","36-0001","Skyline Corporation","550 Booth Bend Rd., McMinnville, 97128",2.29504,2.29504
"278","07-0013","Biosphere Carbon Group, LLC","3920 NW Lamonta Road, Prineville, 97754",1.1497539312,0.0009944448
"279","06-0028","Allweather Wood ","69015 Hauser Depot Rd, North Bend , 97459",0.840521,0.457897
"280","26-0143","Pierce Pacific Manufacturing Inc.","4424 NE 158th Avenue, Portland, 97230",0.8208936,0.8208936
"281","24-0125","The Trading Company","2785 N. Front St., Woodburn, 97071",0.644,0.644
"282","03-9517","AB Mauri Baking Solutions","26994 SW 95th Avenue, Wilsonville, 97070",0.63042,NA
"283","34-0107","Pioneer metal Finishing, LLC.","19005 SW 125th Ct., Tualatin, 97062-7380",0.431244345,0.431209605
"284","24-0104","Western Industrial Fabricator & Machinist","23019 Main St NE, St. Paul, 97317",0.40788,0.40788
"285","24-0111","Boman Industries Inc.","2470 Ewald Ave. SE, Salem, 97302",0.296604,0.296604
"286","37-0004","Gas Transmission Northwest LLC, Stanfield Meter Station","0.8 miles east of Stanfield Loop Road on Guthrey Lane, Stanfield, 97875",0.21233585,NA
"287","26-0273","Apex Anodizing","7015 NE Columbia Blvd, Portland, 97218-3344",0.0856518,0.0856518
"288","11-0006","InEnTec Columbia Ridge LLC","17661 Cedar Springs Lane, Arlington, OR, 97812",0.08404627392,0
"289","22-0044","CG Industries","1282 Commercial Way SE, Albany, 97322",0.0551676,0.0001236
"290","05-0011","Alden Bailey / Loki","92328 Taylorville Rd., Clatskanie, OR, 97016",0.00450374050144648,NA
"291","03-9511","Universal Recycling Technologies, LLC","10151 SE Jennifer Street, Clackamas, 97015",0.0005704862968,0.0005704862968
"292","02-2054","Knife River Corvallis Concrete","28602 Hwy 34, Corvallis, 97339",0,NA
"293","02-2125","CPM Development Corp. dba Green & White Rock Products","28504 Payne Rd, Corvallis, 97339",0,NA
"294","03-0002","Oldcastle Precast, Inc.","PO Box 323, 28499 SW Boberg Rd., Wilsonville, 97070",0,NA
"295","03-0007","Glacier Northwest, Inc. - Clackamas Ready Mix","11340 SE Jennifer Street, Clackamas, 97015",0,NA
"296","03-0048","Kaiser Permante Sunnyside Medical Center","10180 SE Sunnyside Rd, Clackamas, 97015",0,NA
"297","03-0051","Kaiser Permante Sunnyside Medical Center","10180 SE Sunnyside Rd, Clackamas, 97015",0,NA
"298","03-0057","AGC Heat Transfer.","9109 SE 64th Ave., Portland, 97206",0,NA
"299","03-2763","Stutzman Environmental Products","410 industrial Way, Mollala, 97038",0,0
"300","05-0006","Columbia Pacific Bio-Refinery","81200 Kallunki Road, Clatskanie, 97016",0,0
"301","09-0018","BRIGHT WOOD CORPORATION - REDMOND SITE","630 SE 1ST STREET, REDMOND, 97756",0,NA
"302","15-0159","Biomass One, L.P.","2350 Avenue G, White City, Oregon, 97503",0,NA
"303","19-0016-ST-01","Red Rock Biofuels","Tax lot # 39S20E000004900 (No address assigned yet); Latitude 42°9'41.76""N; Longitude 120°21'0.87""W, Lakeview, 97630",0,0
"304","25-0021","Novus Pacific LLC","Columbia Blvd, Boardman Oregon, 97818",0,NA
"305","26-0172","Columbia Blvd. Waste Water Treatment","5001 N. Columbia Boulevard , Portland, 97203-2098",0,NA
"306","34-2565","Hampton Lumber Mills, Inc. dba Banks Lumber Company","13620 NW Commerce Street, Banks, 97106",0,NA
