"address","lat","lon"
"8440 N KERBY AVE, PORTLAND, OR 97217",45.58481,-122.672257
"8916 NE VANCOUVER WAY, PORTLAND, OR 97211",45.590218,-122.662224
"2900 NW 29TH AVE, PORTLAND, OR 97210",45.543585,-122.710964
"1208 N RIVER ST, PORTLAND, OR 97227",45.539257,-122.679788
"5949 NE CULLY BLVD, PORTLAND, OR 97218",45.566269,-122.591568
"4850 NW FRONT AVE, PORTLAND, OR 97240",45.557857,-122.730969
"6637 SE 100TH AVE, PORTLAND, OR 97266",45.474861,-122.561203
"12409 NE SAN RAFAEL ST, PORTLAND, OR 97230",45.537292,-122.535426
"1339 NE EASTWOOD, GRESHAM, OR 97030",45.505874,-122.462822
"10717 SE DIVISION ST, PORTLAND, OR 97266",45.50431,-122.553022
"HARDTACK ISLAND - WILLAMETTE RIVER, PORTLAND, OR 972HH",45.5236111,-122.675
"10404 NE MARX ST, PORTLAND, OR 97220",45.56165,-122.556579
"1900 N INTERSTATE AVE, PORTLAND, OR 97227",45.536884,-122.674624
"5700 NE SUNDIAL RD, TROUTDALE, OR 97060",45.559294,-122.400844
"755 NE COLUMBIA BLVD, PORTLAND, OR 97211",45.580111,-122.657608
"2405 NE 244TH AVE, WOOD VILLAGE, OR 97060",45.541671,-122.411721
"2205 NE 244TH, TROUTDALE, OR 97060",45.540219,-122.411781
"1835 N MARINE DR, PORTLAND, OR 97217",45.607649,-122.686259
"5034 NW FRONT AVE, PORTLAND, OR 97210",45.558643,-122.732085
"5225 N CHANNEL AVE, PORTLAND, OR 97217",45.563284,-122.7204
"5335 NE 109TH AVE, PORTLAND, OR 97220",45.561481,-122.55073
"2909 NW 31ST AVE, PORTLAND, OR 97210",45.542566,-122.713797
"714 NE 55TH AVE, PORTLAND, OR 97213",45.528388,-122.6075
"2155 N COLUMBIA BLVD, PORTLAND, OR 97217",45.586223,-122.68805
"3841 N COLUMBIA BLVD, PORTLAND, OR 97217",45.592826,-122.712213
"725 NW DUNBAR, TROUTDALE, OR 97060",45.544795,-122.407831
"10300 SE MAIN ST, PORTLAND, OR 97216",45.514106,-122.558391
"5225 SE 26TH AVE, PORTLAND, OR 97202",45.485355,-122.639769
"1848 NW 23RD AVE, PORTLAND, OR 97210",45.535839,-122.698756
"9420 NW SAINT HELENS RD, PORTLAND, OR 97231",45.590228,-122.778148
"4950 N BASIN AVE, PORTLAND, OR 97217",45.559686,-122.70108
"630 SW Mill St, PORTLAND, OR 97207",45.512425,-122.682458
"1225 NE 2ND AVE, PORTLAND, OR 97232",45.532942,-122.663688
"2801 N GANTENBEIN AVE, PORTLAND, OR 97227",45.542818,-122.669442
"4805 NE GLISAN ST, PORTLAND, OR 97213",45.52659,-122.614154
"6040 SE BELMONT ST, PORTLAND, OR 97215",45.516684,-122.601767
"2201 LLOYD CTR, PORTLAND, OR 97232",45.531975,-122.652981
"1500 SE 130TH AVE, PORTLAND, OR 97233",45.511638,-122.529978
"1441 N COLUMBIA BLVD, PORTLAND, OR 97217",45.584237,-122.681099
"546 NE 12TH AVE, PORTLAND, OR 97232",45.526871,-122.653652
"0615 SW PALATINE HILL RD, PORTLAND, OR 97219",45.450117,-122.672502
"3203 SE WOODSTOCK BLVD, PORTLAND, OR 97202",45.479256,-122.630384
"1015 NW 22ND AVE, PORTLAND, OR 97210",45.529927,-122.696658
"12000 SW 49TH AVE, PORTLAND, OR 97219",45.439416,-122.727726
"2720 SE 6TH AVE, PORTLAND, OR 97202",45.503312,-122.659746
"3181 SW SAM JACKSON PARK RD, PORTLAND, OR 97239",45.499288,-122.688076
"223 SE 122ND AVE, PORTLAND, OR 97233",45.520997,-122.53784
"17819 NE Riverside Pkwy Ste A, Portland, OR 97230",45.555175,-122.472884
"17819 NE Riverside Pkwy Ste B, Portland, OR 97230",45.555175,-122.472884
"1067 NE COLUMBIA BLVD, PORTLAND, OR 97211",45.57911,-122.654213
"0319 SW TAYLORS FERRY RD, PORTLAND, OR 97219",45.467255,-122.673198
"6705 SE 14TH AVE, PORTLAND, OR 97202",45.47439,-122.651806
"24450 W COLUMBIA, TROUTDALE, OR 97060",45.360928,-122.776612
"4733 NE THOMPSON, PORTLAND, OR 97213",45.539109,-122.614744
"520 W BLVD POWELL, GRESHAM, OR 97030",45.489297,-122.471796
"0300 SW TAYLORS FERRY, PORTLAND, OR 97219",45.463238,-122.681453
"4835 NE PACIFIC ST, PORTLAND, OR 97213",45.52978,-122.612632
"N LOMBARD ST FOOT OF, PORTLAND, OR 97203",45.577189,-122.680182
"15840 N SIMMONS RD, PORTLAND, OR 97203",45.639213,-122.768537
"9945 N Burgard Way, Portland, OR 97203",45.613042,-122.78096
"2429 N BORTHWICK AVE, PORTLAND, OR 97227",45.540209,-122.67386
"1225 W BURNSIDE ST, PORTLAND, OR 97209",45.522996,-122.68331
"4600 SE HARNEY DR, PORTLAND, OR 97206",45.462476,-122.615256
"1233 NW 12TH AVE, PORTLAND, OR 97209",45.531724,-122.683542
"1501 SW JEFFERSON ST, PORTLAND, OR 97201",45.517612,-122.689559
"5001 N. COLUMBIA BLVD., PORTLAND, OR 97203",45.594093,-122.718685
"18480 SE STARK ST, GRESHAM, OR 97223",45.519078,-122.473087
"14355 N BYBEE LAKE CT, PORTLAND, OR 97203",45.627855,-122.742151
"1401 NE 68TH AVE, PORTLAND, OR 97213",45.532817,-122.592827
"7832 N LEADBETTER RD, PORTLAND, OR 97203",45.635794,-122.75636
"1201 SE 3RD AVE, PORTLAND, OR 97214",45.514381,-122.662792
"8120 NE 33RD DR, PORTLAND, OR 97211",45.583189,-122.633121
"1303 N RIVER ST, PORTLAND, OR 97227",45.539688,-122.680917
"2800 NW FRONT AVE, PORTLAND, OR 97210",45.542769,-122.696082
"7559 NE 33RD DRIVE, PORTLAND, OR 97211",45.577769,-122.633472
"1532 SE 3RD AVENUE, PORTLAND, OR 97214",45.512009,-122.662732
"5565 N DOLPHIN ST, PORTLAND, OR 97217",45.562446,-122.715283
"5534 NE 122ND AVE, PORTLAND, OR 97230",45.563663,-122.534943
"4706 SE 18TH AVE, PORTLAND, OR 97202",45.488413,-122.647267
"310 SE STEPHENS ST, PORTLAND, OR 97214",45.509304,-122.662771
"7116 SE 92ND AVE, PORTLAND, OR 97266",45.470926,-122.568558
"8752 NE SANDY BLVD, PORTLAND, OR 97220",45.55485,-122.572876
"23585 NE SANDY BLVD, WOOD VILLAGE, OR 97060",45.543031,-122.422117
"11711 SE 82ND AVE, PORTLAND, OR 97266",45.444469,-122.578978
"6708 NE GLISAN, PORTLAND, OR 97213",45.526397,-122.594417
"8500 N COLUMBIA BLVD, PORTLAND, OR 97203",45.60145,-122.744092
"4031 SE 26TH, PORTLAND, OR 97202",45.464285,-122.637171
"1418 NE 119TH AVE, PORTLAND, OR 97220",45.533017,-122.54019
"2400 NE HOLLADAY ST, PORTLAND, OR 97232",45.529956,-122.64139
"9127 SE STARK ST, PORTLAND, OR 97216",45.519146,-122.56976
"6805 SW MACADAM AVE, PORTLAND, OR 97219",45.475073,-122.671781
"10510 SE REEDWAY ST, PORTLAND, OR 97266",45.481052,-122.554292
"10310 SE FOSTER RD, PORTLAND, OR 97266",45.476689,-122.557321
"10033 E BURNSIDE ST, PORTLAND, OR 97216",45.52273,-122.560607
"801 N LOMBARD ST, PORTLAND, OR 97217",45.57722,-122.674789
"1300 NE DIVISION ST, GRESHAM, OR 97030",45.504722,-122.418613
"637 SE SALMON ST, PORTLAND, OR 97214",45.514445,-122.659477
"10000 SE ANKENY ST, PORTLAND, OR 97216",45.521645,-122.561312
"1925 E POWELL BLVD, GRESHAM, OR 97080",45.496605,-122.412321
"901 NE GERTZ RD, PORTLAND, OR 97211",45.59032,-122.661902
"4030 NE BUFFALO ST, PORTLAND, OR 97211",45.575999,-122.622111
"8070 NE AIRTRANS WAY, PORTLAND, OR 97218",45.582984,-122.605937
"3000 N HAYDEN ISLAND DR, PORTLAND, OR 97217",45.621548,-122.694632
"7510 N DELAWARE AVE, PORTLAND, OR 97217",45.577177,-122.692337
"4709 NE 148TH AVE, PORTLAND, OR 97230",45.557836,-122.51037
"2425 NW 23RD PL, PORTLAND, OR 97210",45.540234,-122.700088
"14400 N RIVERGATE BLVD, PORTLAND, OR 97203",45.621753,-122.780138
"9710 NE Glass Plant Road, PORTLAND, OR 97220",45.565168,-122.567092
"5501 NW FRONT AVE, PORTLAND, OR 97210",45.561889,-122.73626
"5531 NW DOANE AVE, PORTLAND, OR 97210",45.561277,-122.742738
"5880 NW ST HELENS RD, PORTLAND, OR 97210",45.590097,-122.777919
"9930 NW SAINT HELENS RD, PORTLAND, OR 97231",45.59311,-122.781219
"2141 NW 25TH AVE, PORTLAND, OR 97210",45.537547,-122.702929
"6936 N FATHOM ST, PORTLAND, OR 97217",45.572015,-122.717349
"12005 N BURGARD WAY, PORTLAND, OR 97203",45.612912,-122.781789
"3400 N MARINE DR, PORTLAND, OR 97217",45.613243,-122.703276
"4700 NW FRONT AVE, PORTLAND, OR 97210",45.557857,-122.730969
"2301 N COLUMBIA BLVD, PORTLAND, OR 97217",45.586509,-122.689612
"11910 NW SAINT HELENS RD, PORTLAND, OR 97231",45.610432,-122.79597
"5555 N CHANNEL AVE BLDG 71, PORTLAND, OR 97217",45.5633,-122.72046
"9363 N COLUMBIA BLVD, PORTLAND, OR 97203",45.605963,-122.754687
"18456 NE WILKES RD, GRESHAM, OR 97230",45.540665,-122.474283
"6123 N MARINE DR, PORTLAND, OR 97203",45.621013,-122.727978
"23400 NE GLISAN ST, GRESHAM, OR 97030",45.5278,-122.428322
"8735 N HARBORGATE ST, PORTLAND, OR 97203",45.620172,-122.765503
"9269 N BRADFORD ST, PORTLAND, OR 97203",45.591582,-122.764857
"701 N HUNT ST, PORTLAND, OR 97217",45.585564,-122.673047
"TROUTDALE REYNOLDS INDUSTRIAL PK LOT 3, TOUTDALE, OR 97060",45.53346,-122.3877
"3366 NW YEON AVE, PORTLAND, OR 97210",45.545812,-122.708428
"3750 NW YEON AVE, PORTLAND, OR 97210",45.549347,-122.718909
"10425 N BLOSS AVE, PORTLAND, OR 97203",45.598423,-122.729385
"14003 N RIVERGATE BLVD, PORTLAND, OR 97203",45.621753,-122.780138
"13939 N RIVERGATE BLVD, PORTLAND, OR 97203",45.621753,-122.780138
"17401 NE HALSEY ST, PORTLAND, OR 97230",45.534623,-122.48302
"3131 N COLUMBIA BLVD, PORTLAND, OR 97217",45.590221,-122.702404
"900 N THUNDERBIRD WAY, PORTLAND, OR 97227",45.530548,-122.668606
"800 N RIVER ST., PORTLAND, OR 97227",45.536943,-122.675574
"5528 NW DOANE AVE, PORTLAND, OR 97210",45.561277,-122.742738
"6350 NW FRONT AVE, PORTLAND, OR 97210",45.57039,-122.747141
"19000 NE SANDY BLVD, PORTLAND, OR 97230",45.545467,-122.467405
"3800 NW ST HELENS RD, PORTLAND, OR 97210",45.590097,-122.777919
"3000 NW SAINT HELENS RD, PORTLAND, OR 97210",45.5441,-122.721796
"15660 N LOMBARD ST, PORTLAND, OR 97203",45.637532,-122.766708
"11040 N LOMBARD ST, PORTLAND, OR 97203",45.608722,-122.767575
"7320 NE AIRPORT WAY, PORTLAND, OR 97218",45.585528,-122.584131
"2000 NW WILSON ST, PORTLAND, OR 97209",45.537741,-122.692815
"340 NE 11TH AVE, PORTLAND, OR 97232",45.525341,-122.65453
"100 NE COLUMBIA BLVD, PORTLAND, OR 97211",45.582145,-122.664963
"7200 NW FRONT AVE, PORTLAND, OR 97210",45.575458,-122.750162
"11535 N FORCE AVE, PORTLAND, OR 97217",45.60427,-122.694172
"8435 NE KILLINGSWORTH ST, PORTLAND, OR 97220",45.562611,-122.576227
"2201 NE 201ST AVE, FAIRVIEW, OR 97024",45.53924,-122.45665
"1621 SW TAYLOR, PORTLAND, OR 97205",45.520419,-122.688985
"4150 N SUTTLE RD, PORTLAND, OR 97217",45.614509,-122.709182
"6031 NE 92ND DR, PORTLAND, OR 97220",45.566268,-122.568193
"3722 SE 21ST AVE, PORTLAND, OR 97202",45.496166,-122.644588
"21015 SE STARK ST, GRESHAM, OR 97030",45.519182,-122.446566
"5325 NE SKYPORT WAY, PORTLAND, OR 97218",45.575667,-122.607601
"6801 NE CORNFOOT RD, PORTLAND, OR 97218",45.577272,-122.609148
"4635 NE CORNFOOT RD, PORTLAND, OR 97218",45.577636,-122.614004
"4600 NE 138TH AVE, PORTLAND, OR 97230",45.560159,-122.521056
"5825 NE SKYPORT WAY, PORTLAND, OR 97218",45.574809,-122.604847
"6849 NE COLUMBIA BLVD, PORTLAND, OR 97218",45.567036,-122.590293
"2985 N MARINE DR, PORTLAND, OR 97217",45.610507,-122.69556
"2300 SE HOGAN ROAD, GRESHAM, OR 97080",45.489671,-122.41387
"2840 NW 35TH AVE, PORTLAND, OR 97210",45.543681,-122.71901
"4424 NE 158TH AVE, PORTLAND, OR 97230",45.556053,-122.500245
"3737 N PORT CENTER WAY, PORTLAND, OR 97217",45.553855,-122.695856
"3004 N Wygant St, Portland, OR 97217",45.556525,-122.696939
"6308 N. MARINE DRIVE, PORTLAND, OR 97203",45.622165,-122.730055
"4436 NE 158TH AVE, PORTLAND, OR 97230",45.556304,-122.500172
"18683 NE SANDY BLVD, GRESHAM, OR 97230",45.545755,-122.470956
"866 N COLUMBIA BLVD, PORTLAND, OR 97217",45.583989,-122.675229
"2406 NW 30TH AVE, PORTLAND, OR 97210",45.539287,-122.712412
"4600 N SUTTLE RD, PORTLAND, OR 97217",45.616044,-122.712018
"6800 NE 59TH PL, PORTLAND, OR 97218",45.571819,-122.599846
"4429 N SUTTLE RD, PORTLAND, OR 97217",45.615589,-122.710863
"1900 SW 4th Ave, PORTLAND, OR 97201",45.509865,-122.681229
"7540 NW ST. HELENS RD., PORTLAND, OR 97210",45.590097,-122.777919
"2611 SE 4TH AVE, PORTLAND, OR 97202",45.5041,-122.661922
"1601 NE 192ND AVE, PORTLAND, OR 97230",45.534327,-122.466233
"15550 N LOMBARD ST, PORTLAND, OR 97203",45.63742,-122.766819
"9420 NW ST HELENS RD, PORTLAND, OR 97231",45.589173,-122.776305
"4466 NW YEON AVE, PORTLAND, OR 97210",45.554907,-122.732459
"20015 NE SANDY BLVD, GRESHAM, OR 97030",45.545032,-122.456627
"3625 N SUTTLE RD, PORTLAND, OR 97217",45.612848,-122.705796
"3900 NE 158TH AVE, PORTLAND, OR 97230",45.550886,-122.500227
"17650 NE SANDY BLVD, PORTLAND, OR 97230",45.546684,-122.482835
"1402 N RIVER ST, PORTLAND, OR 97227",45.539839,-122.680867
"3700 SE 17TH AVE, PORTLAND, OR 97202",45.496029,-122.648304
"15040 NE MASON ST, PORTLAND, OR 97230",45.554597,-122.507908
"8501 N BORTHWICK, PORTLAND, OR 97217",45.58481,-122.67332
"15540 N LOMBARD ST, PORTLAND, OR 97203",45.63741,-122.76683
"7124 N MARINE DR, PORTLAND, OR 97203",45.632557,-122.748177
"17711 NE RIVERSIDE PKWY, PORTLAND, OR 97230",45.555175,-122.472884
"13201 N LOMBARD ST, PORTLAND, OR 97203",45.61775,-122.770464
"2735 NE 82ND AVE, PORTLAND, OR 97220",45.541831,-122.578979
"1300 SE 2ND AVE, PORTLAND, OR 97214",45.513675,-122.663814
"4849 SE 26TH AVE, PORTLAND, OR 97202",45.487909,-122.639628
"3710 SW US VETERANS HOSPITAL RD, PORTLAND, OR 97239",45.496467,-122.684463
"6149 SW SHATTUCK RD, PORTLAND, OR 97221",45.479533,-122.738334
"8400 SE 26TH PL, PORTLAND, OR 97202",45.462408,-122.635997
"2077 NW MARSHALL ST, PORTLAND, OR 97209",45.53066,-122.693654
"1205 SE GRAND AVE, PORTLAND, OR 97214",45.514346,-122.660838
"21455 SW 120TH AVE, SHERWOOD, OR 97140",45.371478,-122.874613
"21880 SW FARMINGTON RD, BEAVERTON, OR 97007",45.457055,-122.901711
"1910 26TH AVE, FOREST GROVE, OR 97116",45.526986,-123.113676
"18610 SW PACIFIC DR., SHERWOOD, OR 97140",45.383306,-122.82115
"6700 SW 110TH AVE, BEAVERTON, OR 97008",45.471614,-122.788582
"21480 NW AMBERWOOD DR, HILLSBORO, OR 97124",45.537548,-122.897616
"49800 SW SCOGGINS VALLEY RD, GASTON, OR 97119",45.468992,-123.189299
"42060 NW SUNSET AVE, BANKS, OR 97106",45.636085,-123.110587
"1811 18TH ST, FOREST GROVE, OR 97116",45.517673,-123.084049
"31450 NW COMMERCIAL AVE, NORTH PLAINS, OR 97133",45.597624,-123.000052
"12365 SW HERMAN RD, TUALATIN, OR 97062",45.378501,-122.805461
"11815 SW HILLSBORO HWY, HILLSBORO, OR 97123",45.435012,-122.973292
"9205 SW BARNES RD, PORTLAND, OR 97225",45.509012,-122.771537
"17705 NW SPRINGVILLE RD, PORTLAND, OR 97229",45.563078,-122.859465
"1804 NW MARTIN RD, FOREST GROVE, OR 97116",45.533402,-123.080259
"335 SE 8TH AVE, HILLSBORO, OR 97123",45.519575,-122.977367
"8974 SW TUALATIN SHERWOOD RD, TUALATIN, OR 97062",45.380414,-122.76977
"4150 SW 185TH AVE, ALOHA, OR 97007",45.489672,-122.867253
"6801 SW SUNSET HWY, PORTLAND, OR 97225",45.506685,-122.749227
"1901 SE 24th Ave, HILLSBORO, OR 97123",45.502904,-122.956672
"2308 PACIFIC AVE, FOREST GROVE, OR 97116",45.519563,-123.10647
"31345 NW BEACH RD, HILLSBORO, OR 97124",45.588513,-122.999168
"21101 NW EVERGREEN PKWY, HILLSBORO, OR 97124",45.545694,-122.893795
"2300 NE BROOKWOOD PKWY, HILLSBORO, OR 97124",45.54435,-122.936682
"3935 NE ALOCLEK PL., HILLSBORO, OR 97124",45.547981,-122.890636
"SW CORNER OF NE CORNELL & BROOKWOOD PKWY, HILLSBORO, OR 97124",40.04167,-100.92544
"19301 NW VENETIAN DR, HILLSBORO, OR 97124",45.538305,-122.878974
"9835 NW 307TH AVE, NORTH PLAINS, OR 97133",45.592176,-122.993567
"30575 NW EVERGREEN RD, HILLSBORO, OR 97124",45.549894,-122.991202
"4475 SW FERN HILL RD, FOREST GROVE, OR 97116",45.487585,-123.093996
"23605 NW HUFFMAN ST, HILLSBORO, OR 97124",45.229191,-123.179569
"25300 NW EVERGREEN BLVD, HILLSBORO, OR 97214",45.549863,-122.984162
"10750 SW TUALATIN RD, TUALATIN, OR 97062",45.389675,-122.78702
"18155 SW TETON AVE, TUALATIN, OR 97062",45.388807,-122.783881
"21450 NW WEST UNION RD, HILLSBORO, OR 97124",45.570442,-122.8976
"18135 SW BOONES FERRY RD, TUALATIN, OR 97224",45.398976,-122.787637
"3941 24TH AVE, FOREST GROVE, OR 97116",45.525249,-123.079026
"18240 SW 100TH CT, TUALATIN, OR 97062",45.388813,-122.779903
"19005 SW 125TH CT, TUALATIN, OR 97062",45.38052,-122.806702
"1184 N FREMONT LN, CORNELIUS, OR 97113",45.524878,-123.055697
"12620 SW LEVETON DR, TUALATIN, OR 97062",45.384753,-122.807693
"19225 SW 125TH CT, TUALATIN, OR 97062",45.379785,-122.806648
"12000 SW 66TH AVE, TIGARD, OR 97223",45.436623,-122.79817
"11880 SW Pacific Hwy, Tigard, OR 97223",45.436473,-122.798152
"155 SW FREEMAN AVE, HILLSBORO, OR 97123",45.521798,-122.998109
"1213 GALES CREEK RD, FOREST GROVE, OR 97116",45.529887,-123.126004
"2632 19TH AVE, FOREST GROVE, OR 97116",45.518258,-123.10056
"9673 SW TUALATIN SHERWOOD RD, TUALATIN, OR 97062",45.378982,-122.774665
"2050 NE 25TH AVE, HILLSBORO, OR 97124",45.539788,-122.957165
"4330 SW 142ND AVE, BEAVERTON, OR 97005",45.488549,-122.822462
"25599 SW 95TH AVE, WILSONVILLE, OR 97070",45.334977,-122.773361
"15785 SW 72ND AVE, TIGARD, OR 97224",45.405217,-122.748984
"15205 SW 74TH AVE, TIGARD, OR 97224",45.412638,-122.752482
"21600 SW TUALATIN VALLEY HWY, ALOHA, OR 97006",45.496995,-122.871428
"16650 SW SHAW ST, BEAVERTON, OR 97007",45.491453,-122.848191
"18201 SW BOONES FERRY RD, PORTLAND, OR 97224",45.388253,-122.756705
"3802 & 3804 24TH AVE, FOREST GROVE, OR 97116",-37.9703,145.2561
"3205 SE MINTER BRIDGE ROAD, HILLSBORO, OR 97123",45.496898,-122.967848
"14255 SW 72ND AVE, TIGARD, OR 97224",45.405217,-122.748984
"555 NE 53RD, HILLSBORO, OR 97124",45.537061,-122.927768
"10600 SW TUALATIN SHERWOOD RD, TUALATIN, OR 97062",45.376262,-122.785371
"16580 SW 85TH AVE, TIGARD, OR 97224",45.402955,-122.764512
"14150 SW KARL BRAUN DR, BEAVERTON, OR 97077",45.500385,-122.822959
"3585 SW 198TH AVE, ALOHA, OR 97007",45.493964,-122.881299
"21433 SW OREGON ST, SHERWOOD, OR 97140",45.358943,-122.836154
"3235 SW RIVER ROAD, HILLSBORO, OR 97123",45.496454,-122.942598
"10000 SW HERMAN RD, TUALATIN, OR 97062",45.386177,-122.779079
"10750 SW 5TH ST, BEAVERTON, OR 97005",45.483659,-122.786031
"14320 SW JENKINS RD, BEAVERTON, OR 97005",45.503196,-122.823711
"3131 NE BROOKWOOD PKWY, HILLSBORO, OR 97124",45.547239,-122.929522
"535 N. 4TH AVE, CORNELIUS, OR 97113",45.524301,-123.066748
"9700 SW HERMAN RD, TUALATIN, OR 97062",45.386818,-122.777086
"9665 SW TUALATIN-SHERWOOD RD, TUALATIN, OR 97062",45.378982,-122.774665
"5500, 5570, & 5800 SW WESTERN AVE, BEAVERTON, OR 97005",51.3192,5.3583
"25300 NW EVERGREEN RD, HILLSBORO, OR 97124",45.551042,-122.946647
"4375 NW 235TH AVE, HILLSBORO, OR 97124",45.551871,-122.918412
"4750 NE DAWSON CREEK DR, HILLSBORO, OR 97124",45.548382,-122.933842
"12970 SW HALL BLVD, TIGARD, OR 97223",45.436623,-122.79817
"23950 NW HUFFMAN ST, HILLSBORO, OR 97124",45.229191,-123.179569
"11155 SW LEVETON DR, TUALATIN, OR 97062",45.386094,-122.791684
"19505 SW 90TH CT, TUALATIN, OR 97062",45.379185,-122.7705
"162 Commerce St, Banks, OR 97106",45.618999,-123.112088
"21151 SW 115TH AVE, TUALATIN, OR 97062",45.389777,-122.795393
"3740 NW ALOCLEK PL, HILLSBORO, OR 97124",45.546678,-122.891115
"10800 SW AVERY ST, TUALATIN, OR 97062",45.371648,-122.78789
"21421 NW JACOBSON RD, HILLSBORO, OR 97124",45.564375,-122.896786
"3145 NE BROOKWOOD PKWY, HILLSBORO, OR 97124",45.54746,-122.928959
"4066 SE TUALATIN VALLEY HWY, HILLSBORO, OR 97123",45.501641,-122.941873
"1521 POPLAR LN, FOREST GROVE, OR 97116",45.514952,-123.088168
"7333 SW BONITA RD, TIGARD, OR 97224",45.415116,-122.752416
"4625 NW Brookwood Parkway, HILLSBORO, OR 97124",45.548307,-122.927294
"7904 SW Huntziker, Tigard, OR 97223",45.430559,-122.771271
"6850 NE CAMPUS WAY, HILLSBORO, OR 97124",45.531289,-122.914449
"20789 SW 115TH AVE, TUALATIN, OR 97062",45.389777,-122.795393
"4655 NW 235TH AVE, HILLSBORO, OR 97124",45.555892,-122.918352
"20285 SW CIPOLE RD, SHERWOOD, OR 97140",45.373437,-122.810757
"15570 SW Jenkins Rd., BEAVERTON, OR 97006",45.506702,-122.837403
"601 BASELINE ST, CORNELIUS, OR 97113",45.520078,-123.057014
"453 SW WASHINGTON ST, HILLSBORO, OR 97123",45.521507,-122.995048
"6800 SW 110TH AVE, BEAVERTON, OR 97005",45.486528,-122.790104
"5226 SE INTERNATIONAL WAY, MILWAUKIE, OR 97222",45.433307,-122.61282
"28499 SW Boberg Rd, WILSONVILLE, OR 97070",45.313947,-122.772039
"1017 SW BERG PKWY, CANBY, OR 97013",45.255507,-122.704077
"16253 SE 122ND AVE, CLACKAMAS, OR 97015",45.405605,-122.537943
"11340 SE JENNIFER ST, CLACKAMAS, OR 97015",45.40319,-122.545791
"17555 SW 63RD AVE, LAKE OSWEGO, OR 97035",45.39916,-122.741322
"11525 SE MCLOUGHLIN BLVD, MILWAUKIE, OR 97222",45.440355,-122.641594
"15941 AGNES AVE, OREGON CITY, OR 97045",45.374759,-122.58935
"1152 NW COMMERCE CT, Estacada, OR 97023",45.307454,-122.349032
"6160 S WHISKEY HILL RD, HUBBARD, OR 97032",45.174846,-122.74051
"19402 SE FOSTER ROAD, DAMASCUS, OR 97089",45.440856,-122.473552
"13350 SE JOHNSON RD, MILWAUKIE, OR 97222",45.426444,-122.581897
"17770 S SCHMIDT RD, BEAVER CREEK, OR 97004",45.2372,-122.50478
"9120 SE 64TH AVE, PORTLAND, OR 97206",45.461497,-122.597622
"11465 SE HWY 212, CLACKAMAS, OR 97015",45.40772,-122.551058
"29400 SE RIVER MILL ROAD, ESTACADA, OR 97023",45.302679,-122.355654
"1765 RED SOILS COURT, OREGON CITY, OR 97045",45.332475,-122.594969
"9205 S KRAXBERGER RD, CANBY, OR 97013",45.226965,-122.670972
"14275 S. CLACKAMAS RIVER DRIVE, OREGON CITY, OR 97045",45.393598,-122.541187
"9051 SE 55TH AVE, PORTLAND, OR 97206",45.457743,-122.607443
"10560 SE Mather Rd, Clackamas, OR 97015",45.419772,-122.555378
"12533 SE CARPENTER DR, CLACKAMAS, OR 97015",45.401833,-122.534495
"10180 SE SUNNYSIDE RD, CLACKAMAS, OR 97015",45.433528,-122.56054
"27063 SW Canyon Creek Rd, WILSONVILLE, OR 97070",45.323816,-122.757828
"15500 SE 102ND AVE, CLACKAMAS, OR 97015",45.410503,-122.558641
"15679 SE 135th Ave, Clackamas, OR 97015",45.406571,-122.524752
"27555 SW BOONES FERRY RD, WILSONVILLE, OR 97071",45.161415,-122.854563
"9109 SE 64TH AVE, PORTLAND, OR 97206",45.461497,-122.597622
"14351 S UNION HALL RD, MULINO, OR 97042",45.244843,-122.572094
"13626 S FREEMAN RD, MULINO, OR 97042",45.228836,-122.586593
"16639 CHAMPION WAY, SANDY, OR 97055",45.40413,-122.295563
"12670 SE CAPPS RD, CLACKAMAS, OR 97015",45.399317,-122.535906
"15151 SE INDUSTRIAL WAY, CLACKAMAS, OR 97015",45.413226,-122.563879
"7474 SE JOHNSON CREEK BLVD, PORTLAND, OR 97206",45.456036,-122.586847
"390 S REDWOOD ST, CANBY, OR 97013",45.26162,-122.676093
"24530 S. CASS ROAD, CANBY, OR 97013",45.250526,-122.718956
"15942 S. PARK PLACE CT, OREGON CITY, OR 97045",45.375145,-122.584338
"16911 SE 362ND DR, SANDY, OR 97055",45.400836,-122.291148
"801 NE 4TH AVE, CANBY, OR 97013",45.266667,-122.686251
"19121 BEAVERCREEK RD, OREGON CITY, OR 97045",45.333991,-122.587034
"10037 SE MATHER, CLACKAMAS, OR 97015",45.415956,-122.557988
"37400 BELL ST, SANDY, OR 97055",45.405898,-122.275205
"329 SE 1ST AVE, CANBY, OR 97013",45.2628,-122.691187
"13425 SE JOHNSON RD, MILWAUKIE, OR 97222",45.425558,-122.58227
"12530 SE JENNIFER ST, CLACKAMAS, OR 97015",45.404117,-122.536356
"1420 S TOWNSHIP RD, CANBY, OR 97013",45.25955,-122.677714
"29375 SW KINSMAN RD, WILSONVILLE, OR 97070",45.307657,-122.778668
"9100 SE MANGAN DR, CLACKAMAS, OR 97015",45.400075,-122.561522
"5209 SE INTERNATIONAL WAY, MILWAUKIE, OR 97222",45.433357,-122.612905
"11241 SE HWY 212, CLACKAMAS, OR 97015",45.407715,-122.552488
"16782 SE 130TH AVE, CLACKAMAS, OR 97015",45.400772,-122.530301
"13750 SE JOHNSON RD, MILWAUKIE, OR 97222",45.42403,-122.582816
"9700 SE LAWNFIELD RD, CLACKAMAS, OR 97015",45.421061,-122.562258
"760 NW HWY 224, ESTACADA, OR 97023",45.288661,-122.34016
"28890 HWY 213, LIBERAL, OR 97038",45.188632,-122.587231
"100 SW FOOTHILLS RD, LAKE OSWEGO, OR 97034",45.420603,-122.659966
"29400 RIVER MILL RD, ESTACADA, OR 97023",45.305141,-122.343634
"24420 S HWY 99E, CANBY, OR 97013",45.255108,-122.709168
"4800 MILL ST, WEST LINN, OR 97068",45.359423,-122.611594
"30625 SW Industrial Way, WILSONVILLE, OR 97070",45.302637,-122.779699
"13963 S FIR ST, OREGON CITY, OR 97045",45.328967,-122.582823
"15555 HWY 211 S, MOLALLA, OR 97038",45.158454,-122.547959
"1500 DIVISION ST, OREGON CITY, OR 97045",45.356626,-122.588351
"20200 SE FIRWOOD RD, SANDY, OR 97055",45.377504,-122.225773
"4909 SE INTERNATIONAL WAY, MILWAUKIE, OR 97222",45.434391,-122.614474
"23123 SE EAGLE CREEK RD, EAGLE CREEK, OR 97022",45.356284,-122.35256
"800 NW 3RD AVE, CANBY, OR 97013",45.261061,-122.702707
"31200 SW Industrial Way, WILSONVILLE, OR 97070",45.30167,-122.779391
"29300 S MOLALLA AVE, MOLALLA, OR 97038",45.182064,-122.587935
"25375 SE TALON RD, EAGLE CREEK, OR 97022",45.400835,-122.497276
"13340 SE 84TH, CLACKAMAS, OR 97015",45.425512,-122.572453
"505 NE 3RD ST, CANBY, OR 97013",45.265729,-122.689943
"9911 SE ELON ST, CLACKAMAS, OR 97015",45.407001,-122.561514
"15124 S SPRINGWATER RD, OREGON CITY, OR 97045",45.386812,-122.489511
"10448 HWY 212, CLACKAMAS, OR 97015",45.407661,-122.556643
"9450 SE MANGAN DR, CLACKAMAS, OR 97015",45.400576,-122.566903
"410 INDUSTRIAL, MOLALLA, OR 97038",45.153133,-122.600762
"32900 MOLALLA FOREST, MOLALLA, OR 97038",45.119787,-122.541423
"1516 MAIN ST, OREGON CITY, OR 97045",45.36311,-122.600768
"8855 SE OTTY RD, Happy Valley, OR 97086",45.451446,-122.573677
"10405 SOUTH BARNARDS ROAD, MOLALLA, OR 97038",45.172435,-122.640552
"15484 SE 94TH AVE, CLACKAMAS, OR 97015",45.410689,-122.566488
"13521 SE PHEASANT CT, PORTLAND, OR 97222",45.424547,-122.590085
"10151 SE JENNIFER ST, CLACKAMAS, OR 97015",45.40013,-122.56799
"601 SW 1ST AVE, CANBY, OR 97013",45.261352,-122.694804
"112 DIXON AVE, MOLALLA, OR 97038",45.148432,-122.584246
"26994 SE 95TH AVENUE, WILSONVILLE, OR 97070",45.324298,-122.772347
"15020 SE MCLOUGHLIN BLVD, MILWAUKIE, OR 97267",45.414328,-122.630522
"38862 PROCTOR BLVD, SANDY, OR 97055",45.397234,-122.263711
"16066 BOONES FERRY RD, LAKE OSWEGO (OSWEGO), OR 97035",45.409303,-122.721329
"2366 SE OCHOCO ST, MILWAUKIE, OR 97222",45.458687,-122.639096
"1839 MOLALLA AVE STE D, OREGON CITY, OR 97045",45.333897,-122.58843
"106 N IVY ST, CANBY, OR 97206",45.468325,-122.678027
"480 PORTLAND AVE STE A, GLADSTONE, OR 97027",45.38012,-122.59446
"12300 SE SUNNYSIDE RD, CLACKAMAS, OR 97015",45.428407,-122.537589
"14626 SE MCLOUGHLIN BLVD, MILWAUKIE , OR 97267",45.416835,-122.632188
"417 1ST ST, LAKE OSWEGO (OSWEGO), OR 97034",45.419564,-122.664124
"927 MOLALLA AVE, OREGON CITY, OR 97045",45.342338,-122.595016
"29911 SW BOONES FERRY RD, WILSONVILLE, OR 97070",45.304222,-122.771181
"19600 MOLALLA AVE, OREGON CITY, OR 97045",45.332423,-122.587285
"6335 SE HARMONY RD, MILWAUKIE, OR 97222",45.43206,-122.598224
"16060 SE 82ND DR, CLACKAMAS, OR 97015",45.406923,-122.568822
"13750 SE RENTON AVE, MILWAUKIE, OR 97222",45.42327,-122.652432
"19300 SW 65TH AVE, TUALATIN, OR 97062",45.379112,-122.743917
"24485 BOONES FERRY RD, AURORA, OR 97002",45.275535,-122.780951
"12900 SE CAPPS RD, CLACKAMAS, OR 97015",45.399279,-122.531613
"13009 SE JENNIFER ST STE 101, CLACKAMAS, OR 97015",45.404256,-122.535679
"SUBSTN ELECTRIC RELY, SUBSTATION, OR 97000",NA,NA
"32899 S MOLALLA FOREST RD, MOLALLA, OR 97038",45.119787,-122.541423
"26300 SW 95TH AVE STE 100, WILSONVILLE, OR 97070",45.329944,-122.772541
"790 SE HWY 211, ESTACADA, OR 97023",45.288661,-122.34016
"10350 SW ARROWHEAD CRK LN, WILSONVILLE, OR 97070",45.378419,-122.527647
"10300 SE JENNIFER ST, CLACKAMAS, OR 97015",45.403051,-122.556058
"2001 WASHINGTON ST, OREGON CITY, OR 97045",45.37034,-122.588463
"4100 NORFOLK ST, WEST LINN, OR 97068",45.356254,-122.630114
"800 NW EVERGREEN RD, ESTACADA, OR 97023",45.307335,-122.782083
"2515 SE MAILWELL DR, MILWAUKIE, OR 97222",45.454776,-122.63939
"35855 SE KELSO RD, BORING, OR 97009",45.418489,-122.290232
"11800 SE MT SCOTT BLVD, PORTLAND, OR 97086",45.459565,-122.527485
"1140 NW 3RD AVE, CANBY, OR 97013",45.259693,-122.706388
"10000 SW RIDDER RD, WILSONVILLE, OR 97070",45.33176,-122.782087
"17260 S BECKMAN RD, OREGON CITY, OR 97045",45.345138,-122.513352
"6465 SE CROSSWHITE, MILWAUKIE, OR 97206",45.457827,-122.596786
"25700 SW PETES MOUNTAIN RD, WEST LINN, OR 97068",45.334197,-122.677159
"11901 HWY 212, CLACKAMAS, OR 97015",45.407733,-122.544378
"13200 SW WILSONVILLE RD, WILSONVILLE, OR 97070",45.289806,-122.812058
"895 MOLALLA AVE, OREGON CITY, OR 97045",45.342947,-122.595554
"31919 SW PEACH COVE RD, WEST LINN, OR 97068",45.289137,-122.669644
"902 ABERNETHY RD, OREGON CITY, OR 97045",45.363231,-122.590785
"26688 E WELCHES RD, WELCHES, OR 97067",45.33017,-121.960558
"52500 HWY 26, SANDY, OR 97055",45.329633,-121.911127
"50105 SE ROCK CUT RD, CORBETT, OR 97019",45.507261,-122.901783
"33400 SE JARL RD, BORING, OR 97009",45.408804,-122.312434
"10200 SE SUNNYSIDE RD, CLACKAMAS, OR 97015",45.433532,-122.560451
"2440 SE STUBB ST, MILWAUKIE, OR 97222",45.458286,-122.638285
"6775 SW MCEWAN, LAKE OSWEGO, OR 97035",45.389893,-122.742684
"19009 BARTON PARK RD, BORING, OR 97009",45.385452,-122.408102
"15300 SE MINUTEMAN WAY, CLACKAMAS, OR 97015",45.415038,-122.499461
"13560 SE 97TH AVE, CLACKAMAS, OR 97015",45.424115,-122.561183
"33831 SE HWY 224, ESTACADA, OR 97023",45.270968,-122.316911
"4260 SW KENTHORPE WAY, WEST LINN, OR 97068",45.386494,-122.633418
"6667 SE JOHNSON CREEK BLVD, MILWAUKIE, OR 97206",45.456048,-122.593557
"15941 S AGNES AVE, OREGON CITY, OR 97045",45.374759,-122.58935
"19600 MOLALLA AVE, OREGON CITY, OR 97405",43.274586,-123.350515
"12424 W TOLIVER RD, MOLALLA, OR 97038",45.160222,-122.619722
"32905 S MORCOM RD, WOODBURN, OR 97071",45.131157,-122.76657
"591 N CEDAR ST, CANBY, OR 97013",45.265368,-122.704205
"2400 SW HAZEL RD, LAKE OSWEGO, OR 97034",45.426998,-122.700955
"209 WARNER MILNE RD, OREGON CITY, OR 97045",45.336551,-122.598174
"27650 SW 95TH AVE, WILSONVILLE, OR 97070",45.322396,-122.772406
"17550 SW 63RD, LAKE OSWEGO, OR 97035",45.399194,-122.741323
"17350 BOONES FERRY RD, LAKE OSWEGO, OR 97035",45.400139,-122.736331
"8747 S HEINZ RD, CANBY, OR 97013",45.192997,-122.686542
"4400 SW ADVANCE RD, WILSONVILLE, OR 97070",45.31737,-122.72081
"1600 SE 4TH AVE, CANBY, OR 97013",45.261277,-122.684607
"220 S JOHN ADAMS ST, OREGON CITY, OR 97045",45.351411,-122.608722
"206 S JOHN ADAMS ST, OREGON CITY, OR 97045",45.351411,-122.608722
"1211 JACKSON ST, OREGON CITY, OR 97045",45.357592,-122.596029
"16631 SE 232ND DR, DAMASCUS, OR 97089",45.401024,-122.423202
"11814 SE JENNIFER ST, CLACKAMAS, OR 97015",45.403046,-122.554635
"30510 E BLOSSOM TRL, GOVERNMENT CAMP, OR 97028",45.305075,-121.754758
"13388 S MOLALLA FOREST RD, MOLALLA, OR 97038",45.141252,-122.591651
"16009 SE 106TH ST, CLACKAMAS, OR 97015",45.406839,-122.553972
"9201 S KRAXBERGER RD, CANBY, OR 97013",45.226965,-122.670975
"453 INDUSTRIAL WAY, MOLALLA, OR 97038",45.153691,-122.600785
"5095 MAPELTON DR, WEST LINN, OR 97068",45.383874,-122.626676
"12700 SE 82ND, CLACKAMAS, OR 97015",45.420187,-122.572611
"9500 SW BOECKMAN RD, WILSONVILLE, OR 97070",45.317326,-122.774341
"27555 SW BOONES FERRY RD, WILSONVILLE, OR 97070",45.320436,-122.769888
"9275 TAUCHMAN ST, WILSONVILLE, OR 97070",45.294167,-122.773086
"1900 SE 4TH AVE, CANBY, OR 97013",45.261277,-122.684607
"6541 SE JOHNSON CREEK BLVD, PORTLAND, OR 97206",45.456041,-122.593881
"1363 SW BORLAND RD, WEST LINN, OR 97068",45.360381,-122.689906
"15962 S HUNTER AVE, OREGON CITY, OR 97045",45.375393,-122.575168
"417 1ST ST, LAKE OSWEGO, OR 97034",45.419564,-122.664124
"29299 SE WHEELER RD, BORING, OR 97009",45.457736,-122.361236
"1075 NW PARK AVE, ESTACADA, OR 97023",45.308867,-122.348899
"19645 SE SUNNYSIDE RD, DAMASCUS, OR 97089",45.41857,-122.460587
"26994 SW 95TH AVE BLDG 100, WILSONVILLE, OR 97070",45.324298,-122.772347
"960 82ND DR, GLADSTONE, OR 97027",45.387689,-122.576076
"37300 RUBIN LN, SANDY, OR 97055",45.39999,-122.279322
"8205 SE GRAY ST, HAPPY VALLEY, OR 97086",45.46086,-122.579034
"9602 SE CLACKAMAS RD, CLACKAMAS, OR 97015",45.410506,-122.564405
"16885 S EADEN RD, OREGON CITY, OR 97045",45.362434,-122.400786
"9109 SE 64TH, MILWAUKIE, OR 97206",45.461497,-122.597622
"28655 SE HWY 212, BORING, OR 97015",45.416267,-122.460954
"412 S SWEIGLE, MOLALLA, OR 97038",45.14421,-122.576264
"13785 SE AMBLER RD, CLACKAMAS, OR 97015",45.4234,-122.574932
"37470 RUBEN LN, SANDY, OR 97055",45.399777,-122.279213
"20666 S HWY 213, OREGON CITY, OR 97045",45.306728,-122.567073
"29895 SW KINSMAN RD, WILSONVILLE, OR 97070",45.303966,-122.77806
"5655 SW WILLOW LN, LAKE OSWEGO, OR 97035",45.399155,-122.734463
"26267 SW 45TH DR, WILSONVILLE, OR 97070",45.330041,-122.722864
"27400 SW HWY 212, BORING, OR 97009",45.4279,-122.381189
"11719 SE 40TH AVE, MILWAUKIE, OR 97222",45.438651,-122.622103
"1100 SE WAVERLEY DR, PORTLAND, OR 97222",45.452493,-122.652076
"14275 S CLACKAMAS RVR DR, OREGON CITY, OR 97045",45.393598,-122.541187
"117 FOOTHILLS RD, LAKE OSWEGO, OR 97034",45.42079,-122.659886
"15975 SE 130TH AVE, CLACKAMAS, OR 97015",45.407291,-122.530222
"19070 S LYONS RD, OREGON CITY, OR 97045",45.30215,-122.475179
"26050 S HWY 170, CANBY, OR 97013",45.229721,-122.680039
"9750 SW HILLMAN CT STE 100, WILSONVILLE, OR 97070",45.32172,-122.776171
"19402 SE FOSTER RD, DAMASCUS, OR 97089",45.440856,-122.473552
"1150 NW PARK AVE, ESTACADA, OR 97023",45.309071,-122.347848
"30205 S WALL ST, COLTON, OR 97017",45.169259,-122.437476
"1480 N TERRITORIAL, CANBY, OR 97013",45.279585,-122.676909
"26250 SW PARKWAY CTR DR, WILSONVILLE, OR 97070",45.331928,-122.762368
"155 SE HAZEL DELL WAY, CANBY, OR 97013",45.267362,-122.674804
"10037 SW MATHER RD, CLACKAMAS, OR 97015",45.415956,-122.557988
"8855 SE OTTY RD, HAPPY VALLEY, OR 97086",45.451446,-122.573677
"7300 SE HARMONY RD, MILWAUKIE, OR 97222",45.432314,-122.588707
"15555 S HWY 211, MOLALLA, OR 97038",45.158454,-122.547959
"4401 SE JOHNSON CREEK BLVD, PORTLAND, OR 97222",45.460335,-122.617478
"9085 SE ENOCH CT, CLACKAMAS, OR 97015",45.415038,-122.499461
"13050 S MOLALLA FOREST RD, MOLALLA, OR 97038",45.145994,-122.595301
"23735 NE AIRPORT RD, AURORA, OR 97002",45.260376,-122.764377
"27300 SW PARKWAY AVE, WILSONVILLE, OR 97070",45.32221,-122.767869
"10025 SW FREEMAN CT, WILSONVILLE, OR 97070",45.326199,-122.778719
"2770 SE MAILWELL DR, MILWAUKIE, OR 97222",45.454636,-122.639456
"5001 SE JOHNSON CREEK BLVD, MILWAUKIE, OR 97222",45.459929,-122.611408
"9760 SW FREEMAN DR, WILSONVILLE, OR 97070",45.326273,-122.779186
"515 S BERG PKWY, CANBY, OR 97013",45.256394,-122.704049
"6160 SW WHISKEY HILL RD, HUBBARD, OR 97032",45.174846,-122.74051
"31348 S HWY 170, CANBY, OR 97013",45.153135,-122.681323
"3810 SE NAEF RD, MILWAUKIE, OR 97267",45.400136,-122.624292
"9889 SE MATHER RD, CLACKAMAS, OR 97015",45.415548,-122.55908
"24500 S ENTRANCE RD, ESTACADA, OR 97023",45.298964,-122.359541
"18574 S HWY 99 E, OREGON CITY, OR 97045",45.345668,-122.627293
"2425 SE MOORES ST, MILWAUKIE, OR 97222",45.459687,-122.637931
"5700 WILLOW LN, LAKE OSWEGO, OR 97035",45.399004,-122.734775
"37570 RUBEN LN STE B, SANDY, OR 97055",45.399604,-122.27921
"13530 S REDLAND RD, OREGON CITY, OR 97045",45.364243,-122.586958
"3701 NAEF RD, MILWAUKIE, OR 97267",45.399611,-122.625153
"16600 SE KENS CT, MILWAUKIE, OR 97267",45.402707,-122.627327
"1815 RED SOILS CT, OREGON CITY, OR 97045",45.332172,-122.594952
"26600 SW PARKWAY AVE, WILSONVILLE, OR 97070",45.327234,-122.76885
"6401 S MILLER, HUBBARD, OR 97032",45.165467,-122.73325
"16940 SE 130TH AVE, CLACKAMAS, OR 97015",45.399733,-122.530289
"28499 SW BOBERG RD, WILSONVILLE, OR 97070",45.313947,-122.772039
"9550 SE LAST RD, CLACKAMAS, OR 97015",45.404903,-122.564671
"8810 SE HERBERT CT, CLACKAMAS, OR 97015",45.416566,-122.572914
"15651 SE 125TH CT, CLACKAMAS, OR 97015",45.409672,-122.534941
"13529 SE JOHNSON RD, MILWAUKIE, OR 97222",45.424534,-122.582899
"14800 SE 82ND DR, CLACKAMAS, OR 97015",45.416092,-122.570286
"14830 SE 82ND DR, CLACKAMAS, OR 97015",45.415877,-122.570193
"15601 SE 90TH, CLACKAMAS, OR 97015",45.410024,-122.570701
"16800 SE 130TH, CLACKAMAS, OR 97015",45.412045,-122.529785
"15815 SE PIAZZA AVE, CLACKAMAS, OR 97015",45.408316,-122.554926
"800 NW THIRD, CANBY, OR 97013",45.261061,-122.702707
"2384 SE OCHOCO, MILWAUKIE, OR 97222",45.458697,-122.63894
"13270 SE PHEASANT CT, MILWAUKIE, OR 97222",45.425777,-122.589952
"122 S CENTER ST, OREGON CITY, OR 97045",45.351934,-122.610883
"195 FOOTHILLS RD, LAKE OSWEGO, OR 97034",45.420954,-122.658922
"10450 SW RIDDER RD, WILSONVILLE, OR 97070",45.331762,-122.782345
"24436 S HWY 99E, CANBY, OR 97013",45.255108,-122.709168
"15151 SE MINUTEMAN WAY, CLACKAMAS, OR 97015",45.415038,-122.499461
"4607 SE INTERNATIONAL WAY, MILWAUKIE, OR 97222",45.439427,-122.622727
"405 S REDWOOD ST, CANBY, OR 97013",45.261412,-122.676147
"10240 SE MATHER RD, CLACKAMAS, OR 97015",45.4175,-122.556516
"312001 SW INDUSTRIAL END WAY, WILSONVILLE, OR 97070",45.30167,-122.779391
"13600 SE AMBLER RD, CLACKAMAS, OR 97015",45.425311,-122.576328
"11507 SE HWY 212, CLACKAMAS, OR 97015",45.407795,-122.55044
"350 NW BAKER DR, CANBY, OR 97013",45.26725,-122.708914
"221 COMMERCIAL PKWY, MOLALLA, OR 97038",45.777304,-122.877871
"14151 FIR ST, OREGON CITY, OR 97045",45.328993,-122.581056
"777 NE 4TH AVE, CANBY, OR 97013",45.266666,-122.686351
"6051 S LONE ELDER RD, AURORA, OR 97002",45.232115,-122.742592
"9750 SW BARBER ST, WILSONVILLE, OR 97070",45.310106,-122.775136
"26100 SW 95TH AVE STE 202, WILSONVILLE, OR 97070",45.331262,-122.772722
"16261 SE 130TH AVE, CLACKAMAS, OR 97015",45.404183,-122.530352
"28890 S HWY 213, MOLALLA, OR 97038",45.188632,-122.587231
"17252 SW PILKINGTON RD, LAKE OSWEGO, OR 97035",45.400883,-122.73338
"15520 SE 102ND, CLACKAMAS, OR 97015",45.410411,-122.558565
"294 S WALNUT ST, CANBY, OR 97013",45.264931,-122.665319
"12055 SE 282ND AVE, BORING, OR 97009",45.435767,-122.372875
"375 S REDWOOD ST, CANBY, OR 97013",45.262123,-122.676659
"13963 FIR ST, OREGON CITY, OR 97045",45.328967,-122.582823
"16069 SE 98TH AVE, CLACKAMAS, OR 97015",45.406527,-122.562379
"12150 S HWY 211, MOLALLA, OR 97038",45.149577,-122.617129
"9275 SW PEYTON LN, WILSONVILLE, OR 97070",45.308928,-122.772615
"20395 STAFFORD RD SW, TUALATIN, OR 97062",45.372094,-122.704528
"16051 SE HWY 224, DAMASCUS, OR 97015",45.400351,-122.50005
"2320 WILLAMETTEFALL DR, WEST LINN, OR 97068",45.346354,-122.647564
"16901 MAPLE CIR, LAKE OSWEGO, OR 97034",45.403573,-122.71356
"OAK TERRACE DR TXLT 1411, LAKE OSWEGO, OR 97034",45.408265,-122.684362
"1152 NW COMMERCE CT, ESTACADA, OR 97023",45.307454,-122.349032
"18089 BRYANT RD, LAKE OSWEGO, OR 97034",45.39508,-122.719321
"13521 JOHNSON RD, MILWAUKIE, OR 97222",45.424552,-122.582896
"CANAL RD, LAKE OSWEGO, OR 97034",45.392344,-122.716958
"698 MCVEY AVE, LAKE OSWEGO, OR 97034",45.410298,-122.667448
"645 NORTH SHORE RD, LAKE OSWEGO, OR 97034",45.414256,-122.671137
"8916 NE VANCOUVER WAY BLDG B-C, PORTLAND, OR 97211",45.590218,-122.662224
"1516 NW NORTHRUP ST, PORTLAND, OR 97209",45.531358,-122.686614
"7355 SE JOHNSON CREEK BLVD, PORTLAND, OR 97206",45.455934,-122.587845
"1170 NE 63RD AVE, PORTLAND, OR 97213",45.53293,-122.598928
"2335 NW 29TH AVE, PORTLAND, OR 97210",45.538953,-122.711163
"2323 NW 29TH AVE, PORTLAND, OR 97210",45.538878,-122.711165
"18900 NE SAN RAFAEL, PORTLAND, OR 97230",45.537123,-122.47182
"12785 NE WHITAKER WAY, PORTLAND, OR 97230",45.560378,-122.530707
"13233 NE JARRETT ST, PORTLAND, OR 97230",45.564375,-122.523588
"4905 NE MLK BLVD, PORTLAND, OR 97211",45.581132,-122.637305
"2824 NE WASCO ST, PORTLAND, OR 97232",45.532156,-122.637346
"6437 SE DIVISION, PORTLAND, OR 97206",45.505474,-122.597178
"1705 E BURNSIDE AVE, GRESHAM, OR 97030",45.504418,-122.416766
"28930 SE POWELL VALLEY RD, GRESHAM, OR 97080",45.472076,-122.364149
"8900 NE VANCOUVER WAY, PORTLAND, OR 97211",45.590218,-122.662224
"924 N RUSSELL ST, PORTLAND, OR 97227",45.540939,-122.67607
"1015 NW 22ND AVE RM 422, PORTLAND, OR 97210",45.529927,-122.696658
"8111 NE COLUMBIA BLVD, PORTLAND, OR 97218",45.564973,-122.578785
"3500 N INTERSTATE AVE, PORTLAND, OR 97227",45.547751,-122.680996
"1318 NW NORTHRUP ST, PORTLAND, OR 97209",45.531392,-122.684596
"812 SE STARK, PORTLAND, OR 97214",45.51943,-122.657537
"1100 N COLUMBIA BLVD, PORTLAND, OR 97217",45.584115,-122.6791
"15011 N LOMBARD ST STE A, PORTLAND, OR 97203",45.636869,-122.767368
"5315 NE 101ST, PORTLAND, OR 97220",45.56188,-122.558772
"1620 SE 190TH AVE, PORTLAND, OR 97233",45.511193,-122.4679
"12106 NE AINSWORTH CIR, PORTLAND, OR 97220",45.564834,-122.53746
"10661 N LOMBARD ST, PORTLAND, OR 97203",45.605446,-122.76537
"2155 NE DIVISION, GRESHAM, OR 97030",45.50492,-122.410664
"5235 N COLUMBIA BLVD, PORTLAND, OR 97203",45.594219,-122.720122
"6724 NE 46TH AVE, PORTLAND, OR 97218",45.571659,-122.615718
"5750 NE MARINE DR, PORTLAND, OR 97218",45.592546,-122.583549
"905 NE 11TH AVE, PORTLAND, OR 97232",45.529448,-122.654612
"7111 NE ALDERWOOD, PORTLAND, OR 97218",45.573268,-122.584166
"9699 N RIVERGATE BLVD, PORTLAND, OR 97203",45.61849,-122.77743
"10801 N LOMBARD, PORTLAND, OR 97203",45.60685,-122.766541
"5555 N CHANNEL AVE, PORTLAND, OR 97217",45.5633,-122.72046
"1820 NW GRAHAM RD, TROUTDALE, OR 97060",45.551786,-122.404293
"17900 NE SAN RAFAEL, GRESHAM, OR 97230",45.537056,-122.479278
"5330 NE 105TH, PORTLAND, OR 97220",45.561774,-122.554622
"70543 NE HERMAN LOOP, CASCADE LOCKS, OR 97014",45.11437,-122.543921
"1 NE COLUMBIA BLVD, PORTLAND, OR 97211",45.582567,-122.666426
"4800 NE 122ND AVE, PORTLAND, OR 97230",45.55748,-122.537756
"5001 N COLUMBIA BLVD, PORTLAND, OR 97203",45.594093,-122.718685
"12005 N BURGARD RD, PORTLAND, OR 97203",45.612325,-122.764467
"2526 NW YEON AVE, PORTLAND, OR 97210",45.541053,-122.698512
"3710 SW US VETS HOSP RD, PORTLAND, OR 97239",45.488178,-122.691267
"10111 NE 6TH DR, PORTLAND, OR 97211",45.595808,-122.662354
"8424 N CRAWFORD ST, PORTLAND, OR 97203",45.585057,-122.756057
"1207 NW NAITO PKWY STE 204, PORTLAND, OR 97209",45.530839,-122.676248
"2172 NW MARINE DR, TROUTDALE, OR 97060",45.547892,-122.407716
"2700 SE TACOMA ST, PORTLAND, OR 97202",45.465031,-122.636928
"1151 SW VERMONT ST, PORTLAND, OR 97219",45.476031,-122.695739
"5458 N CHANNEL AVE, PORTLAND, OR 97217",45.562852,-122.717061
"1015 NW 22ND AVE R 350, PORTLAND, OR 97210",45.529927,-122.696658
"1698 SW CHERRY PARK RD, PORTLAND, OR 97230",45.421734,-122.751744
"20015 NE SANDY BLVD, PORTLAND, OR 97230",45.545148,-122.458344
"2690 NW NICOLAI ST, PORTLAND, OR 97210",45.539625,-122.706647
"11309 NE HOLMAN ST, PORTLAND, OR 97220",45.568101,-122.546849
"13135 N WOODRUSH WAY, PORTLAND, OR 97203",45.619879,-122.767462
"953 LLOYD CENTER, PORTLAND, OR 97232",45.531576,-122.654641
"707 SW WASHINGTON STE E400, PORTLAND, OR 97205",45.520758,-122.678903
"6801 SE 60TH, PORTLAND, OR 97206",45.475164,-122.601381
"900 N COLUMBIA BLVD, PORTLAND, OR 97217",45.584119,-122.675894
"12222 NW MARINA WAY, PORTLAND, OR 97231",45.617818,-122.805876
"9940 N VANCOUVER WAY, PORTLAND, OR 97217",45.598879,-122.672593
"3715 N INTERSTATE AVE, PORTLAND, OR 97227",45.549254,-122.680921
"2368 NW BURNSIDE RD, GRESHAM, OR 97030",45.51393,-122.450672
"8000 NE 14TH PL, PORTLAND, OR 97211",45.580881,-122.650272
"3500 N VICTORY BLVD, PORTLAND, OR 97217",45.604603,-122.703359
"3135 NW INDUSTRIAL ST, PORTLAND, OR 97210",45.541272,-122.714073
"5555 N LAGOON AVE, PORTLAND, OR 97217",45.563541,-122.713462
"19730 NE SANDY BLVD, PORTLAND, OR 97230",45.545139,-122.460204
"3800 SE 22ND, PORTLAND, OR 97202",45.495615,-122.643502
"7201 N INTERSTATE AVE, PORTLAND, OR 97217",45.575297,-122.682095
"3434 NE 170TH PL, PORTLAND, OR 97230",45.547509,-122.488888
"4505 SE 23RD, PORTLAND, OR 97222",45.460715,-122.641493
"9089 N DENVER AVE, PORTLAND, OR 97217",45.588678,-122.686978
"1525 NW 23RD AVE, PORTLAND, OR 97210",45.533525,-122.698821
"5885 NW ST HELENS RD, PORTLAND, OR 97210",45.590097,-122.777919
"14324 SE STARK ST, PORTLAND, OR 97233",45.519045,-122.515702
"3001 SE OXBOW PKWY, GRESHAM, OR 97080",45.489461,-122.305436
"2100 NW 22ND AVE, PORTLAND, OR 97210",45.53766,-122.696865
"2205 NE 244TH, WOOD VILLAGE, OR 97060",45.540219,-122.411781
"6647 NE 47TH AVE, PORTLAND, OR 97218",45.571377,-122.614212
"7933 NE 21ST AVE, PORTLAND, OR 97211",45.581935,-122.643696
"5410 NE 109TH AVE, PORTLAND, OR 97220",45.561832,-122.550578
"24800 SE STARK ST, GRESHAM, OR 97030",45.519031,-122.408304
"26000 SE STARK ST, GRESHAM, OR 97030",45.519068,-122.398417
"14321 NE WHITTAKER WAY, PORTLAND, OR 97230",45.556654,-122.513879
"5115 N LAGOON, PORTLAND, OR 97217",45.56035,-122.70713
"5858 NE 87TH AVE, PORTLAND, OR 97220",45.565653,-122.573328
"7835 SW 37TH AVE, PORTLAND, OR 97219",45.467999,-122.71546
"8900 N VANCOUVER AVE, PORTLAND, OR 97217",45.587799,-122.666685
"6147 SE FOSTER RD, PORTLAND, OR 97206",45.491514,-122.600717
"5722 SE JOHNSON CREEK BLVD, PORTLAND, OR 97206",45.457818,-122.604361
"501 DIXON, PORTLAND, OR 97227",45.534674,-122.671236
"1420 NW EVERETT ST, PORTLAND, OR 97209",45.524959,-122.685383
"5200 NW FRONT, PORTLAND, OR 97210",45.561307,-122.735766
"4850 NW FRONT AVE, PORTLAND, OR 97210",45.557857,-122.730969
"1035 SE 3RD AVE, PORTLAND, OR 97214",45.515561,-122.662858
"3900 NE 158TH ST, PORTLAND, OR 97230",45.53752,-122.500315
"2126 SW HALSEY ST, TROUTDALE, OR 97060",45.53828,-122.408857
"3743 SE 21ST ST, PORTLAND, OR 97202",45.496023,-122.644739
"8900 N RAMSEY BLVD, PORTLAND, OR 97203",45.623822,-122.771501
"2929 N KERBY AVE, PORTLAND, OR 97227",45.544014,-122.672042
"7601 N COLUMBIA BLVD, PORTLAND, OR 97203",45.598664,-122.739367
"3111 SE 13TH AVE STE 500, PORTLAND, OR 97202",45.500601,-122.652213
"4226 NE 161ST AVE STE A, PORTLAND, OR 97230",45.541633,-122.496807
"9637 SW 35TH DR, PORTLAND, OR 97219",45.454966,-122.711865
"19241 NE SAN RAFAEL ST, PORTLAND, OR 97230",45.537161,-122.466058
"432 NE 10TH AVE, PORTLAND, OR 97232",45.526027,-122.655538
"5741 NE 92ND DR, PORTLAND, OR 97220",45.565641,-122.568399
"7540 NW ST HELENS RD, PORTLAND, OR 97210",45.590097,-122.777919
"2710 NE DAVIS ST, PORTLAND, OR 97232",45.52426,-122.638054
"323 SE DIVISION PL, PORTLAND, OR 97202",45.504978,-122.662771
"9045 N RAMSEY BLVD, PORTLAND, OR 97203",45.623822,-122.771501
"13327 N WOODRUSH WAY, PORTLAND, OR 97203",45.619873,-122.767537
"3448 NW YEON AVE, PORTLAND, OR 97210",45.546777,-122.71115
"2427 NW 30TH AVE, PORTLAND, OR 97210",45.539422,-122.712559
"400 SW 6TH AVE STE 500, PORTLAND, OR 97204",45.521073,-122.677517
"8969 SE 58TH, PORTLAND, OR 97206",45.457733,-122.601583
"5921 N MARINE DR, PORTLAND, OR 97203",45.619788,-122.72473
"1891 NW COMMERCE CT, TROUTDALE, OR 97060",45.55194,-122.419923
"5119 NE 158TH AVE, PORTLAND, OR 97230",45.560149,-122.50031
"4050 NE 158TH AVE, PORTLAND, OR 97230",45.552742,-122.500138
"2801 NW NELA ST, PORTLAND, OR 97210",45.543485,-122.70933
"150 I-84 EXIT 40, CASCADE LOCKS, OR 97014",45.695495,-121.378623
"5445 NE 122ND AVE, PORTLAND, OR 97230",45.563401,-122.535241
"2201 NE 201ST, GRESHAM, OR 97024",45.53924,-122.45665
"3005 NE ARGYLE ST, PORTLAND, OR 97211",45.576383,-122.636658
"4025 NW EXPRESS AVE, PORTLAND, OR 97210",45.55043,-122.728186
"1403 SE WATER, PORTLAND, OR 97233",45.512951,-122.665919
"10707 SE KNIGHT ST, PORTLAND, OR 97266",45.479713,-122.552433
"2207 NE 201ST, FAIRVIEW, OR 97024",45.539256,-122.456725
"13424 N WOODRUSH WAY, PORTLAND, OR 97203",45.620286,-122.767473
"12409 NE SAN RAFAEL, PORTLAND, OR 97230",45.537292,-122.535426
"4943 NW FRONT AVE, PORTLAND, OR 97210",45.558173,-122.731751
"18722 NE WILKES RD, PORTLAND, OR 97230",45.540568,-122.472325
"19004 NE SAN RAFAEL ST, PORTLAND, OR 97230",45.537119,-122.470639
"5105 SE 302ND, GRESHAM, OR 97080",45.488564,-122.352417
"2539 NW VAUGHN, PORTLAND, OR 97210",45.536904,-122.703435
"8010 NW ST HELENS RD, PORTLAND, OR 97210",45.590097,-122.777919
"1200 N MAIN AVE, GRESHAM, OR 97030",45.505612,-122.430982
"5938 N BASIN AVE, PORTLAND, OR 97217",45.565512,-122.707825
"12348 N CENTER AVE, PORTLAND, OR 97217",45.611008,-122.681092
"3181 SW SAM JACKSON PK RD, PORTLAND, OR 97239",45.499288,-122.688076
"6011 SE 92ND AVE, PORTLAND, OR 97266",45.479066,-122.568687
"2550 NW NICOLAI ST, PORTLAND, OR 97210",45.540146,-122.704588
"14025 N RIVERGATE BLVD, PORTLAND, OR 97203",45.621753,-122.780138
"3722 SE 21ST ST, PORTLAND, OR 97202",45.496166,-122.644588
"6500 JOHNSON CREEK BLVD, PORTLAND, OR 97206",45.455889,-122.593981
"869 NW EASTWIND DR, TROUTDALE, OR 97060",45.547276,-122.415901
"2800 NW NELA ST, PORTLAND, OR 97210",45.543484,-122.70932
"18440 NE PORTAL WAY, PORTLAND, OR 97230",45.551407,-122.469617
"1755 NE ARGYLE, PORTLAND, OR 97211",45.579701,-122.647574
"18440 NE SAN RAFAEL ST, PORTLAND, OR 97230",45.537279,-122.473904
"38 SE 97TH, PORTLAND, OR 97216",45.52228,-122.563525
"2425 NW ST HELENS RD, PORTLAND, OR 97210",45.590097,-122.777919
"SUBSTN SEWAGE PMP STN, SUBSTATION, OR 97000",NA,NA
"1335 NW NORTHRUP, PORTLAND, OR 97209",45.53154,-122.684714
"10915 N LOMBARD ST, PORTLAND, OR 97203",45.607828,-122.767042
"9908 SE ASH ST, PORTLAND, OR 97216",45.521002,-122.56218
"4805 NE GLISAN, PORTLAND, OR 97213",45.52659,-122.614154
"1620 NE ARGYLE DR, PORTLAND, OR 97211",45.580852,-122.650292
"4350 NW FRONT AVE, PORTLAND, OR 97210",45.557857,-122.730969
"2271 NE 194TH AVE, PORTLAND, OR 97230",45.538927,-122.463435
"8121 NE AIRPORT WAY, PORTLAND, OR 97218",45.584217,-122.580297
"1801 N MARINE DR, PORTLAND, OR 97217",45.6076,-122.686152
"3155 NW YEON AVE, PORTLAND, OR 97210",45.54355,-122.701984
"3441 NW GUAM, PORTLAND, OR 97210",45.544309,-122.718092
"3537 NW ST HELENS RD, PORTLAND, OR 97210",45.590097,-122.777919
"9120 SE 64TH, PORTLAND, OR 97206",45.461497,-122.597622
"705 N KILLINGSWORTH, PORTLAND, OR 97217",45.561948,-122.673989
"9930 N BURGARD WAY, PORTLAND, OR 97203",45.612893,-122.780491
"2659 SE TACOMA, PORTLAND, OR 97202",45.464446,-122.637083
"48000 SE DONAHUE RD, CORBETT, OR 97019",45.510176,-122.183356
"19250 NE PORTAL WAY, PORTLAND, OR 97230",45.550452,-122.467311
"3509 NE COLUMBIA BLVD, PORTLAND, OR 97211",45.573253,-122.628292
"14015 NE GLISAN ST, PORTLAND, OR 97230",45.526392,-122.519413
"540 SW HALSEY, TROUTDALE, OR 97060",45.54056,-122.392156
"MULTNOMAH FLLS WWTP I84EXIT 31, CORBETT, OR 97010",45.307825,-121.859595
"5430 COLUMBIA CT, PORTLAND, OR 97203",45.5952,-122.722037
"6412 NE SANDY BLVD, PORTLAND, OR 97213",45.545377,-122.596302
"464 NE 219TH AVE, GRESHAM, OR 97030",45.527581,-122.437221
"2901 NW FRONT AVE STE G, PORTLAND, OR 97210",45.5435,-122.697705
"9169 SE 67TH, PORTLAND, OR 97206",45.456609,-122.593965
"2669 NE RIVERSIDE WAY, PORTLAND, OR 97211",45.580835,-122.639873
"5822 NE SKYPORT WAY, PORTLAND, OR 97218",45.574664,-122.604886
"14546 N LOMBARD ST, PORTLAND, OR 97203",45.637531,-122.766108
"9710 NE GLASS PLANT RD, PORTLAND, OR 97220",45.565168,-122.567092
"2425 NE RIVERSIDE WAY, PORTLAND, OR 97211",45.581536,-122.641947
"1225 W BURNSIDE, PORTLAND, OR 97209",45.522996,-122.68331
"1339 NW EASTWOOD AVE, GRESHAM, OR 97030",45.505874,-122.462822
"5111 NE 82ND AVE, PORTLAND, OR 97220",45.560012,-122.578604
"7715 NE 33RD DR STE A, PORTLAND, OR 97211",45.574072,-122.631917
"18600 NE WILKES RD, PORTLAND, OR 97230",45.540612,-122.473223
"49 SE 97TH AVE, PORTLAND, OR 97216",45.522261,-122.563675
"10733 NE MARX BLDG 8, PORTLAND, OR 97220",45.561473,-122.547432
"2211 NW NICOLAI ST, PORTLAND, OR 97210",45.541402,-122.696227
"10103 NE MARX, PORTLAND, OR 97220",45.562275,-122.558676
"5035 SE 24TH AVE, PORTLAND, OR 97202",45.486698,-122.641586
"7909 N UPLAND DR, PORTLAND, OR 97203",45.601596,-122.741793
"4927 NW FRONT AVE, PORTLAND, OR 97210",45.557986,-122.731371
"4320 SE 62ND, PORTLAND, OR 97206",45.491246,-122.599381
"8823 N HARBORGATE, PORTLAND, OR 97203",45.620446,-122.768168
"7510 SE ALTMAN RD, GRESHAM, OR 97080",45.468405,-122.326405
"11618 NE SUMNER ST, PORTLAND, OR 97220",45.561144,-122.543493
"3600 N HAYDEN ISLAND DR, PORTLAND, OR 97203",45.587143,-122.710241
"2211 NW BREWER ST, PORTLAND, OR 97210",45.543274,-122.699231
"4939 NE COLUMBIA BLVD, PORTLAND, OR 97218",45.570519,-122.612787
"18201 NE PORTAL WAY STE 101, PORTLAND, OR 97230",45.551407,-122.469617
"19601 NE HALSEY, PORTLAND, OR 97230",45.533639,-122.461179
"1 N CENTER CT, PORTLAND, OR 97208",45.49275,-122.564706
"6710 N CATLIN ST, PORTLAND, OR 97203",45.592555,-122.764114
"14024 NE AIRPORT WAY, PORTLAND, OR 97230",45.561482,-122.518192
"6600 N ST LOUIS AVE, PORTLAND, OR 97203",45.590137,-122.763526
"4468 NW YEON, PORTLAND, OR 97210",45.554916,-122.732473
"2131 NW BIRDSDALE AVE, GRESHAM, OR 97030",45.510543,-122.455025
"11304 NE MARX, PORTLAND, OR 97220",45.561547,-122.546843
"11040 N LOMBARD, PORTLAND, OR 97203",45.608722,-122.767575
"12402 NE MARX ST BLDG 3, PORTLAND, OR 97230",45.559153,-122.53615
"9243 N RIVERGATE BLVD, PORTLAND, OR 97203",45.61766,-122.771769
"534 SW 3RD STE 602, PORTLAND, OR 97204",45.519329,-122.674833
"3750 NW YEON & 3605 NW, PORTLAND, OR 97210",NA,NA
"4730 N LAGOON, PORTLAND, OR 97217",45.557324,-122.701773
"4525 SE 63RD AVE, PORTLAND, OR 97206",45.489995,-122.598044
"750 NE COLUMBIA BLVD, PORTLAND, OR 97211",45.579987,-122.657699
"2300 SE HOGAN RD, GRESHAM, OR 97080",45.489671,-122.41387
"1321 NE COUCH ST, PORTLAND, OR 97232",45.523692,-122.652432
"2210 NE RIVER SIDE WAY, PORTLAND, OR 97211",45.582072,-122.643303
"2139 N KERBY AVE, PORTLAND, OR 97227",45.538132,-122.671824
"1940 N JANTZEN AVE, PORTLAND, OR 97217",45.611804,-122.688834
"2521 NE ELROD, PORTLAND, OR 97211",45.582462,-122.639733
"7715 NE 21ST AVE BLDG C, PORTLAND, OR 97211",45.578765,-122.644011
"6161 NW 61ST AVE, PORTLAND, OR 97210",45.565108,-122.74873
"707 SW WASHINGTON ST STE 300, PORTLAND, OR 97205",45.520758,-122.678903
"2668 NE RIVERSIDE WAY, PORTLAND, OR 97211",45.580699,-122.639937
"801 NE 21ST, PORTLAND, OR 97232",45.528588,-122.644435
"5534 NE 122ND, PORTLAND, OR 97230",45.563663,-122.534943
"10747 NE SIMPSON AVE, PORTLAND, OR 97220",45.565372,-122.55271
"11910 NW ST HELENS RD, PORTLAND, OR 97231",45.614921,-122.801964
"1459 NW SUNDIAL RD, TROUTDALE, OR 97060",45.550519,-122.415673
"7561 NE 33RD DR, PORTLAND, OR 97211",45.577805,-122.633472
"2953 NW ST HELENS RD, PORTLAND, OR 97210",45.590097,-122.777919
"2315 SE 82ND AVE, PORTLAND, OR 97215",45.506213,-122.57875
"3600 N INTERSTATE AVE, PORTLAND, OR 97227",45.548478,-122.680927
"6445 SE SALMON ST, PORTLAND, OR 97215",45.514102,-122.599685
"2521 SW MURRAY, PORTLAND, OR 97201",45.519371,-122.702826
"4315 SE MCLOUGHLIN BLVD, PORTLAND, OR 97202",45.492007,-122.656229
"5830 NE 112TH AVE, PORTLAND, OR 97220",45.565146,-122.547327
"2730 NW 31ST AVE, PORTLAND, OR 97210",45.540729,-122.713743
"10244 N VANCOUVER WAY, PORTLAND, OR 97217",45.59702,-122.669876
"16400 NE AIRPORT WAY, PORTLAND, OR 97230",45.556053,-122.493767
"3150 N MISSISSIPPI, PORTLAND, OR 97227",45.545894,-122.67565
"8435 NE GLISAN, PORTLAND, OR 97220",45.526404,-122.57662
"5000 N WILLAMETTE BLVD, PORTLAND, OR 97203",45.574297,-122.724109
"1221 SW 1ST AVE, PORTLAND, OR 97204",45.514291,-122.675526
"802 SE 199TH AVE, PORTLAND, OR 97233",45.518188,-122.458562
"2611 SE 4TH AVE, PORTLAND, OR 97214",45.504895,-122.661868
"6704 SE COTTRELL RD, GRESHAM, OR 97080",45.475753,-122.305767
"3427 SE 22ND, PORTLAND, OR 97202",45.498206,-122.643543
"5300 N CHANNEL AVE, PORTLAND, OR 97217",45.562663,-122.716236
"10653 N LOMBARD ST, PORTLAND, OR 97203",45.605247,-122.765285
"6034 NE 60TH AVE, PORTLAND, OR 97218",45.566664,-122.600902
"9945 NE 6TH DR, PORTLAND, OR 97211",45.594839,-122.663239
"2315 NW 21ST PL, PORTLAND, OR 97210",45.539173,-122.695914
"8611 N COLUMBIA BLVD, PORTLAND, OR 97203",45.603611,-122.749048
"929 N RUSSELL ST, PORTLAND, OR 97227",45.541089,-122.676108
"9222 N HARBORGATE ST, PORTLAND, OR 97203",45.620233,-122.771497
"2516 NW 29TH AVE BLDG 8, PORTLAND, OR 97210",45.540094,-122.710988
"12730 NE WHITAKER WAY, PORTLAND, OR 97230",45.56052,-122.531085
"4740 SE 25TH AVE, PORTLAND, OR 97202",45.488648,-122.640473
"22901 NE SANDY BLVD, FAIRVIEW, OR 97024",45.542711,-122.428236
"2625 NW INDUSTRIAL, PORTLAND, OR 97210",45.541195,-122.706919
"8440 NE HALSEY, PORTLAND, OR 97220",45.533494,-122.576308
"17401 NE HALSEY, PORTLAND, OR 97230",45.534623,-122.48302
"4400 SE 17TH AVE, PORTLAND, OR 97202",45.491313,-122.648348
"9800 SE POWELL BLVD, PORTLAND, OR 97266",45.497142,-122.564673
"2222 NW ELEVEN MILE AVE, GRESHAM, OR 97030",45.511076,-122.458319
"6763 NE 59TH PL STE 7, PORTLAND, OR 97218",45.565104,-122.60199
"4332 SE 62ND RD, PORTLAND, OR 97206",45.491176,-122.599381
"16200 SW 72ND AVE, PORTLAND, OR 97224",45.404906,-122.748909
"4466 NW YEON, PORTLAND, OR 97210",45.554907,-122.732459
"6211 N ENSIGN ST, PORTLAND, OR 97217",45.571267,-122.71216
"999 NW FRONTAGE RD, TROUTDALE, OR 97060",45.545446,-122.39866
"2405 NE 244TH, WOOD VILLAGE, OR 97060",45.541671,-122.411721
"9000 NE MARX DR, PORTLAND, OR 97220",45.56752,-122.572288
"5838 NE COLUMBIA, PORTLAND, OR 97218",45.568811,-122.601346
"9901 HURST AVE, PORTLAND, OR 97217",45.593691,-122.709583
"6712 N CUTTER CIR, PORTLAND, OR 97217",45.569432,-122.707001
"2575 NW GRAHAM CIR, TROUTDALE, OR 97060",45.552669,-122.41076
"3101 SW SAM JACKSON PK RD, PORTLAND, OR 97239",45.500549,-122.684045
"2800 NW NELA AVE, PORTLAND, OR 97210",45.543484,-122.70932
"8100 NE 14TH PL, PORTLAND, OR 97211",45.581026,-122.650267
"2123 SE HOGAN RD, GRESHAM, OR 97080",45.489671,-122.41387
"1 N CENTER COURT DR STE 200, PORTLAND, OR 97227",45.532092,-122.667778
"65 SE WASHINGTON ST, PORTLAND, OR 97214",45.518742,-122.664813
"4701 SE 24TH AVE, PORTLAND, OR 97202",45.488922,-122.641477
"6620 N RICHMOND ST, PORTLAND, OR 97203",45.584177,-122.754163
"909 N COLUMBIA BLVD STE C, PORTLAND, OR 97217",45.584199,-122.675951
"7543 N UPLAND DR, PORTLAND, OR 97203",45.599317,-122.738735
"2705 NE ARGYLE ST, PORTLAND, OR 97211",45.577106,-122.640097
"18321 SE GIESE RD, GRESHAM, OR 97030",45.499505,-122.472947
"463 PERIMETER WAY DOOR 7, TROUTDALE, OR 97060",45.550863,-122.393394
"7900 NW ST. HELENS RD, PORTLAND, OR 97210",45.590097,-122.777919
"2530 N MARINE DR BLDG C, PORTLAND, OR 97217",45.609057,-122.69125
"6400 SE 101ST AVE, PORTLAND, OR 97266",45.476131,-122.559837
"23365 NE HALSEY ST, WOOD VILLAGE, OR 97294",45.533521,-122.456486
"21414 NE SANDY BLVD, FAIRVIEW, OR 97024",45.543232,-122.445248
"13940 N RIVERGATE BLVD, PORTLAND, OR 97203",45.621753,-122.780138
"7780 NE AIR CARGO RD, PORTLAND, OR 97218",45.584215,-122.581816
"12773 NE WHITAKER WAY, PORTLAND, OR 97230",45.560409,-122.530789
"17383 NE SACRAMENTO ST, PORTLAND, OR 97230",45.540768,-122.484205
"4152 NE 185TH DR, GRESHAM, OR 97230",45.551711,-122.472888
"2233 NE 244TH AVE, WOOD VILLAGE, OR 97060",45.540422,-122.411783
"2455 NW 29TH AVE, PORTLAND, OR 97210",45.539707,-122.711147
"4825 N BASIN AVE, PORTLAND, OR 97217",45.558287,-122.699819
"17905 NE SANDY BLVD, GRESHAM, OR 97230",45.546377,-122.479726
"18456 NE WILKES RD, PORTLAND, OR 97230",45.540665,-122.474283
"234 NE 12TH AVE, PORTLAND, OR 97232",45.524581,-122.65352
"6440 NE 82ND AVE, PORTLAND, OR 97208",45.569042,-122.577613
"3900 NE BRYANT ST, PORTLAND, OR 97211",45.573388,-122.622569
"8914 NE ALDERWOOD RD, PORTLAND, OR 97220",45.573723,-122.574629
"1439 SE 122ND AVE, PORTLAND, OR 97233",45.513223,-122.537753
"4110 NW ST HELENS RD, PORTLAND, OR 97210",45.590097,-122.777919
"2630B SE 39TH LOOP, HILLSBORO, OR 97123",45.499248,-122.944022
"23225 NW EVERGREEN PKWY, HILLSBORO, OR 97124",45.550993,-122.918965
"45296 SW RITCHEY RD, FOREST GROVE, OR 97116",45.511116,-123.149104
"9100 SW GEMINI, BEAVERTON, OR 97008",45.454381,-122.791153
"9000 SW DURHAM RD, TIGARD, OR 97224",45.40437,-122.766523
"2501 229TH AVE NW, HILLSBORO, OR 97124",45.550374,-122.909889
"26020 NW EVERGREEN, HILLSBORO, OR 97124",45.549863,-122.984162
"1416 NW JACKSON ST, HILLSBORO, OR 97124",45.525263,-123.003509
"19185 SW 90TH, TUALATIN, OR 97062",45.380323,-122.77062
"26045 SW GRAHAMS FERRY RD, SHERWOOD, OR 97140",45.332097,-122.791606
"1040 NE 25TH, HILLSBORO, OR 97214",45.515439,-122.640074
"9908 SW TIGARD ST, TIGARD, OR 97223",45.433066,-122.77733
"13600 SW KARL BRAUN DR, BEAVERTON, OR 97077",45.498606,-122.816481
"16130 SW MERLO RD, BEAVERTON, OR 97006",45.505213,-122.844341
"23050 SW 82ND AVE, TUALATIN, OR 97062",45.354191,-122.761855
"3500 SW 78TH, PORTLAND, OR 97225",45.494729,-122.757822
"18300 NW PARKVIEW BLVD, PORTLAND, OR 97229",45.545228,-122.866036
"28335 NW EVERGREEN RD, HILLSBORO, OR 97124",45.549943,-122.968934
"9145 SW TUALATIN RD, TUALATIN, OR 97062",45.387416,-122.77063
"5900 SW SCHOLLS FERRY RD, PORTLAND, OR 97225",45.477344,-122.763445
"23176 NW BENNETT ST, HILLSBORO, OR 97124",45.554689,-122.917647
"14380 NW SCIENCE PARK DR, PORTLAND, OR 97229",45.527875,-122.826095
"15707 SW WALKER RD, BEAVERTON, OR 97006",45.516415,-122.838817
"13955 SW TERMAN DR, BEAVERTON, OR 97077",45.496693,-122.819621
"7300 SW SCHOLLS FERRY RD, BEAVERTON, OR 97008",45.466422,-122.777294
"13900 SW KARL BRAUN DR, BEAVERTON, OR 97007",45.499338,-122.819667
"13700 SW KARL BRAUN DR, BEAVERTON, OR 97005",45.499198,-122.818114
"9735 SW TUALATIN SHRWD RD, TUALATIN, OR 97062",45.378251,-122.778446
"19300 SW TETON AVE, TUALATIN, OR 97062",45.382651,-122.78367
"505 NW 185TH AVE, BEAVERTON, OR 97006",45.52347,-122.867553
"953 SE MAPLE ST, HILLSBORO, OR 97123",45.514975,-122.97494
"36260 SW TONGUE LN, CORNELIUS, OR 97113",45.483963,-123.047576
"6000 SW MINTER BRIDGE RD, HILLSBORO, OR 97123",45.476752,-122.985929
"16060 SW KING CHARLES, PORTLAND, OR 97224",45.403046,-122.801903
"4123 NW RICKEY TERR, HILLSBORO, OR 97124",45.547935,-122.896352
"11555 SW LEVETON DR, TUALATIN, OR 97062",45.385905,-122.796927
"13019 SW HERMAN RD, TUALATIN, OR 97062",45.375717,-122.811236
"10725 SW TUALATIN SHRWD RD, TUALATIN, OR 97062",45.375616,-122.786437
"7333 SW BONITA RD, PORTLAND, OR 97224",45.415116,-122.752416
"10500 SW MANHASSET DR, TUALATIN, OR 97062",45.379031,-122.783652
"699 SW WOOD ST, HILLSBORO, OR 97123",45.512623,-123.001253
"19550 SW 97TH AVE, TUALATIN, OR 97062",45.419658,-122.556558
"9500 SW INGLEWOOD, BEAVERTON, OR 97225",45.486436,-122.771318
"11285 SW CENTER ST, BEAVERTON, OR 97005",45.493829,-122.792998
"12000 SW TONQUIN RD, SHERWOOD, OR 97140",45.34788,-122.800098
"8900 SW BURNHAM ST STE E105, TIGARD, OR 97223",45.430559,-122.771271
"23035 NW JACOBSON DR, HILLSBORO, OR 97124",45.565329,-122.920121
"19480 SW 118TH, TUALATIN, OR 97062",45.378502,-122.798882
"7330 SW LANDMARK LN, PORTLAND, OR 97224",45.418137,-122.750015
"9600 SW ALLEN BLVD, BEAVERTON, OR 97005",45.473497,-122.776908
"10065 SW COMMERCE CIR, WILSONVILLE, OR 97070",45.335493,-122.777007
"9900 SW HERMAN RD, TUALATIN, OR 97062",45.38644,-122.778463
"7257 SW KABLE LN, PORTLAND, OR 97224",45.408124,-122.749352
"2787 SW 75TH, HILLSBORO, OR 97123",45.505017,-122.903848
"19405 SW 125TH CT, TUALATIN, OR 97062",45.378733,-122.806502
"6700 SW 110TH CT, BEAVERTON, OR 97005",45.486528,-122.790104
"10295 SW RIDDER RD, WILSONVILLE, OR 97070",45.331762,-122.782277
"10054 SW ARCTIC DR, BEAVERTON, OR 97005",45.481262,-122.780735
"13900 NW SCIENCE PARK DR, PORTLAND, OR 97229",45.526146,-122.821394
"20525 CIPOLE RD, SHERWOOD, OR 97140",45.371163,-122.809708
"13725 SW MILLIKAN WAY, BEAVERTON, OR 97005",45.489164,-122.806291
"5800 SW WESTERN, BEAVERTON, OR 97005",45.477346,-122.782622
"3707 24TH AVE, FOREST GROVE, OR 97116",45.525226,-123.082677
"10750 SW 5TH, BEAVERTON, OR 97005",45.483659,-122.786031
"401 N 26TH AVE, CORNELIUS, OR 97113",45.525179,-123.039789
"24130 SW GRAHAMS FERRY RD, SHERWOOD, OR 97140",45.346833,-122.784887
"10450 SW TUALATIN SHRWD RD, TUALATIN, OR 97062",45.377155,-122.783779
"28159 SW RAYNARD RD, HILLSBORO, OR 97123",45.41156,-122.967957
"24700 SW TILE FLAT RD, HILLSBORO, OR 97123",45.443754,-122.930666
"9775 SW COMMERCE CIR STE C-6, WILSONVILLE, OR 97070",45.336234,-122.777127
"1800 SW MERLO, BEAVERTON, OR 97006",45.508544,-122.851961
"11200 SW LEVETON DR, TUALATIN, OR 97062",45.385945,-122.793442
"7400 SW LANDMARK LN, PORTLAND, OR 97224",45.418133,-122.750452
"3695 SW 185TH AVE, ALOHA, OR 97078",45.497107,-122.862915
"1811 18TH AVE, FOREST GROVE, OR 97116",45.517172,-123.115627
"10680 NW 289TH PL, NORTH PLAINS, OR 97133",45.668573,-123.028124
"6795 SW 111TH AVE, BEAVERTON, OR 97008",45.470648,-122.7909
"2213 SW 153RD DR, BEAVERTON, OR 97006",45.501331,-122.835855
"7920 SW HUNZIKER ST, TIGARD, OR 97223",45.430559,-122.771271
"24499 SW GRAHAMS FERRY RD, WILSONVILLE, OR 97070",45.317319,-122.799726
"4735 CORNELIUS PASS RD, HILLSBORO, OR 97124",45.553072,-122.900575
"9814 SW TIGARD ST, TIGARD, OR 97223",45.43274,-122.776643
"13662 NW COMMERCE ST, BANKS, OR 97106",45.617737,-123.111079
"4475 SW FERNHILL RD, FOREST GROVE, OR 97116",45.487585,-123.093996
"15930 SW TUALATIN SHRWD RD, SHERWOOD, OR 97140",45.368228,-122.840298
"2025 SW MERLO CT, BEAVERTON, OR 97006",45.505279,-122.847218
"4600 NW BROOKWOOD PKWY, HILLSBORO, OR 97124",45.548307,-122.927294
"19855 SW 124TH AVE, TUALATIN, OR 97062",45.37668,-122.805014
"12345 SW MYSLONY ST, TUALATIN, OR 97062",45.376491,-122.804934
"21450 W UNION RD, HILLSBORO, OR 97124",45.519908,-123.879723
"8245 SW BARNES RD, PORTLAND, OR 97225",45.510563,-122.760766
"12805 SW 77TH PL, TIGARD, OR 97223",45.436623,-122.79817
"3150 NW 229TH AVE STE 150, HILLSBORO, OR 97124",45.550287,-122.909876
"10950 SW 5TH ST STE 310, BEAVERTON, OR 97005",45.48365,-122.788806
"7230 NW EVERGREEN PKWY, HILLSBORO, OR 97124",45.53819,-122.871281
"12777 SW TUALATIN SHRWD RD, TUALATIN, OR 97062",45.369036,-122.807991
"5500 SW WESTERN AVE, BEAVERTON, OR 97005",45.480156,-122.782777
"9693 SW TUALATIN SHRWD RD, TUALATIN, OR 97062",45.378982,-122.774665
"31615 NW SCOTCH CHURCH RD, HILLSBORO, OR 97124",45.572673,-123.000417
"4495 NW 235TH AVE, HILLSBORO, OR 97124",45.553422,-122.9184
"14600 SW SEXTON MTN DR, BEAVERTON, OR 97005",45.460067,-122.826602
"555 NE 53RD AVE, HILLSBORO, OR 97124",45.524247,-122.928874
"ONE BOWERMAN DR, BEAVERTON, OR 97005",45.485786,-122.800314
"14650 SW 97TH AVE, TIGARD, OR 97224",45.415174,-122.77622
"19585 SW 118TH AVE, TUALATIN, OR 97062",45.377534,-122.799031
"9995 SW AVERY ST, TUALATIN, OR 97062",45.371732,-122.779142
"28757 NW WEST UNION RD, NORTH PLAINS, OR 97133",45.596196,-122.97516
"21555 NW AMBERWOOD DR, HILLSBORO, OR 97124",45.537797,-122.898103
"736 BASELINE ST, CORNELIUS, OR 97113",45.520083,-123.058258
"3725 SW HOCKEN AVE, BEAVERTON, OR 97005",45.492289,-122.814445
"2920 SE 74TH AVE, HILLSBORO, OR 97123",45.501481,-122.90568
"13600 SW GALBREATH DR, SHERWOOD, OR 97140",45.371801,-122.818216
"11095 SW INDUSTRIAL WAY BLDG B, TUALATIN, OR 97062",45.367613,-122.78961
"18135 SW BOONES FERRY RD, PORTLAND, OR 97224",45.38738,-122.757017
"9820 SW TIGARD ST, TIGARD, OR 97223",45.432761,-122.776686
"14305 SW MILLIKAN, BEAVERTON, OR 97005",45.489164,-122.806291
"780 SW BAILEY AVE, HILLSBORO, OR 97123",45.514412,-122.992478
"14400 NW GREENBRIER PKWY, BEAVERTON, OR 97006",45.524738,-122.826324
"9949 SW COMMERCE CIR, WILSONVILLE, OR 97070",45.335279,-122.774431
"2750 SE 39TH AVE, HILLSBORO, OR 97123",45.51607,-122.941847
"10350 SW TUALATIN RD, TUALATIN, OR 97062",45.389673,-122.782889
"49800 SW SCOGGINS VALLY RD, GASTON, OR 97119",45.468992,-123.189299
"160 SW FREEMAN AVE, HILLSBORO, OR 97123",45.521709,-122.99811
"1220 SW WALNUT ST, HILLSBORO, OR 97123",45.517555,-123.002681
"3205 SE MINTER BRIDGE RD, HILLSBORO, OR 97123",45.496898,-122.967848
"10189 SW AVERY ST, TUALATIN, OR 97062",45.37173,-122.782688
"8600 SW HILLSBORO HWY, HILLSBORO, OR 97123",45.457437,-122.991494
"11715 SW HILLSBORO HWY, HILLSBORO, OR 97123",45.435424,-122.974444
"14140 SW 72ND AVE STE 100, TIGARD, OR 97224",45.405217,-122.748984
"10630 SW MANHASSET DR, TUALATIN, OR 97062",45.379029,-122.784471
"2085 NW 153RD AVE, BEAVERTON, OR 97006",45.535055,-122.833859
"3663 SW DILLEY RD, FOREST GROVE, OR 97116",45.493512,-123.129557
"2329 YEW ST, FOREST GROVE, OR 97116",45.524325,-123.073046
"23810 NW HUFFMAN ST, HILLSBORO, OR 97124",45.229191,-123.179569
"19600 SW 129TH AVE STE A, TUALATIN, OR 97062",45.377487,-122.810085
"18300 SW BOONES FERRY, DURHAM, OR 97224",45.387481,-122.756904
"16325 SW UPR BOONES FRY RD, TIGARD, OR 97224",45.402173,-122.752647
"9985 SW 125TH, BEAVERTON, OR 97006",45.468067,-122.805
"9665 SW TUALATIN SHRWD RD, TUALATIN, OR 97062",45.378982,-122.774665
"16580 SW 85TH, TIGARD, OR 97224",45.402955,-122.764512
"20001 SW TETON AVE, TUALATIN, OR 97062",45.375399,-122.781911
"6701 SW MCEWAN RD, LAKE OSWEGO, OR 97035",45.389893,-122.742684
"13520 SW HANSON RD, BEAVERTON, OR 97005",45.463507,-122.815089
"CHERRY GROVE PUMP STA, GASTON, OR 97119",45.446197,-123.24345
"5570 SW WESTERN AVE, BEAVERTON, OR 97005",45.477613,-122.782774
"3235 SW RIVER RD, HILLSBORO, OR 97123",45.496454,-122.942598
"501 WATERCREST, FOREST GROVE, OR 97116",45.533148,-123.134709
"710 SW ARMCO AVE, HILLSBORO, OR 97123",45.515985,-123.000976
"2111 NE 25TH AVE, HILLSBORO, OR 97124",45.540177,-122.957187
"3585 SW 198TH, ALOHA, OR 97007",45.493964,-122.881299
"1800 NW 169TH PL STE C700, BEAVERTON, OR 97006",45.532288,-122.851819
"21480 NW AMBERWOOD DR, HILLSBORO, OR 97123",45.537548,-122.897616
"6190 SW ARCTIC DR, BEAVERTON, OR 97005",45.481423,-122.780834
"19480 SW 97TH AVE, TUALATIN, OR 97062",45.419658,-122.556558
"13565 SW TUALATIN SHRWD BLVD, SHERWOOD, OR 97140",45.368296,-122.816837
"10255 SW SPOKANE CT, TUALATIN, OR 97062",45.382656,-122.781927
"21455 SW 120TH, TUALATIN, OR 97062",45.364379,-122.799175
"2550 23RD AVE, FOREST GROVE, OR 97116",45.523809,-123.10296
"631 SW BASELINE, HILLSBORO, OR 97123",45.520229,-122.996179
"18480 SW PACIFIC DR, TUALATIN, OR 97062",45.386546,-122.813021
"3863 24TH AVE, FOREST GROVE, OR 97116",45.525241,-123.080025
"13955 SW MILLIKAN WAY 100, BEAVERTON, OR 97005",45.489164,-122.806291
"11277 SW CLAY ST STE D, SHERWOOD, OR 97140",45.344543,-122.792213
"21300 NW WEST UNION RD, HILLSBORO, OR 97123",45.569649,-122.896073
"12555 SW TUALATIN SHRWD RD, TUALATIN, OR 97062",45.369357,-122.805587
"560 SW MAPLE ST, HILLSBORO, OR 97123",45.515142,-122.996534
"20789 SW 115TH ST, TUALATIN, OR 97062",45.389777,-122.795393
"10230 SW SPOKANE CT, TUALATIN, OR 97062",45.382587,-122.781403
"16520 SW 72ND AVE BLDG 7, TIGARD, OR 97224",45.404378,-122.748997
"11000 SW 11TH ST STE 400-D, BEAVERTON, OR 97005",45.479595,-122.788146
"3802 24TH AVE, FOREST GROVE, OR 97116",45.525085,-123.080792
"5200 NE ELAM YOUNG PKWY, HILLSBORO, OR 97124",45.529886,-122.93142
"5885 NW CORNELIUS PASS RD, HILLSBORO, OR 97124",45.563133,-122.896603
"11150 SW ALLEN BLVD, BEAVERTON, OR 97005",45.47655,-122.791005
"6700 SW BRADBURY CT, PORTLAND, OR 97224",45.398933,-122.743866
"144 SE OAK ST, HILLSBORO, OR 97123",45.518768,-122.989161
"19545 NW VON NEUMANN DR, HILLSBORO, OR 97006",45.530928,-122.878084
"10950 SW 5TH ST STE 180, BEAVERTON, OR 97005",45.48365,-122.788806
"8840 SW CANYON RD, PORTLAND, OR 97225",45.49769,-122.767584
"14255 SW GALBREATH DR, SHERWOOD, OR 97140",45.368657,-122.823806
"142 SE MAPLE ST, HILLSBORO, OR 97123",45.514932,-122.989179
"15201 NW GREENBRIER PKWY STE C-2, BEAVERTON, OR 97006",45.526558,-122.831479
"8260 SW OLD HWY 47, GASTON, OR 97119",45.460892,-123.156114
"26000 SW PARKWAY CTR DR, WILSONVILLE, OR 97070",45.333752,-122.762161
"2701 TAYLOR WAY, FOREST GROVE, OR 97116",45.508769,-123.097858
"19939 SW CIPOLE, SHERWOOD, OR 97041",45.842987,-122.867436
"6900 SW NYBERG ST, TUALATIN, OR 97062",45.382767,-122.747206
"9255 SW RIDDER RD, WILSONVILLE, OR 97070",45.331756,-122.781626
"2715 SW 153RD DR, BEAVERTON, OR 97006",45.499939,-122.835057
"1400 SW WALNUT ST, HILLSBORO, OR 97123",45.517563,-123.004057
"12725 SW HERMAN RD, TUALATIN, OR 97062",45.377304,-122.80796
"15410 SW PACIFIC HWY, TIGARD, OR 97224",45.408612,-122.794296
"23275 SW 82ND AVE, TUALATIN, OR 97062",45.352843,-122.761881
"8800 SW COMMERCIAL ST, TIGARD, OR 97223",45.430559,-122.771271
"2905 SW HOCKEN AVE, BEAVERTON, OR 97005",45.493831,-122.813658
"8955 SW ASH AVE, TIGARD, OR 97223",45.430559,-122.771271
"22380 SW BOONES FERRY RD, TUALATIN, OR 97062",45.35794,-122.774724
"14200 SW 72ND AVE, PORTLAND, OR 97224",45.405217,-122.748984
"3295 NW 211TH TERR, HILLSBORO, OR 97124",45.543043,-122.892023
"1850 SW 170TH, BEAVERTON, OR 97006",45.524518,-122.851992
"3131 NW BROOKWOOD PKWY, HILLSBORO, OR 97124",45.547239,-122.929522
"5405 SE ALEXANDER ST STE L, HILLSBORO, OR 97123",45.497572,-122.926602
"8680 SW DURHAM RD, TIGARD, OR 97224",45.404213,-122.763585
"2020 NW ALOCLEK DR STE 124, HILLSBORO, OR 97124",45.534699,-122.899221
"3950 NW ALOCLEK PL, HILLSBORO, OR 97124",45.548011,-122.890416
"12930 NW OLD PUMPKN RDG RD, NORTH PLAINS, OR 97133",45.612225,-123.011806
"16640 SW 72ND AVE, PORTLAND, OR 97224",45.404204,-122.749124
"18650 SW KINNAMAN RD, ALOHA, OR 97007",45.486201,-122.86922
"10450 SW MANHASSET DR, TUALATIN, OR 97062",45.379032,-122.783396
"11440 NW HWY 47, FOREST GROVE, OR 97116",45.602617,-123.114366
"3300 SW 209TH AVE, ALOHA, OR 97007",45.496395,-122.891677
"4066 SE TV HWY, HILLSBORO, OR 97123",45.49707,-122.958363
"12850 SW THIRD, BEAVERTON, OR 97005",45.485179,-122.808908
"13707 NW SCIENCE PARK DR, PORTLAND, OR 97229",45.525839,-122.819625
"12345 SW LEVETON DR, TUALATIN, OR 97062",45.385252,-122.798486
"48400 NW SUNSET HWY, BANKS, OR 97106",45.672733,-123.177433
"8430 SW HUNZIKER ST, TIGARD, OR 97223",45.430559,-122.771271
"7570 SW BASELINE RD, HILLSBORO, OR 97123",45.516733,-122.904821
"2551-A 23RD AVE, FOREST GROVE, OR 97116",45.523809,-123.10295
"14930 SW VANDERMOST RD, BEAVERTON, OR 97007",45.415486,-122.86757
"7340 SW LANDMARK LN, PORTLAND, OR 97224",45.418137,-122.750077
"13300 SW GALBREATH DR, SHERWOOD, OR 97140",45.371801,-122.818216
"15570 SW JENKINS AVE, BEAVERTON, OR 97006",45.506702,-122.837403
"2300 SUNSET DR, FOREST GROVE, OR 97116",45.52429,-123.108528
"10085 SW COMMERCE CIR, WILSONVILLE, OR 97070",45.33557,-122.777068
"4355 SW 142ND, BEAVERTON, OR 97005",45.480664,-122.823301
"19400 SW TETON AVE, TUALATIN, OR 97062",45.382567,-122.783485
"450 NE 53RD AVE, HILLSBORO, OR 97124",45.521639,-122.928951
"6999 NW CENTURY BLVD, HILLSBORO, OR 97124",45.544449,-122.988378
"3400 SW 209TH AVE, ALOHA, OR 97007",45.49557,-122.891625
"23515 NW CLARA LN STE 150, HILLSBORO, OR 97124",45.52465,-122.919904
"1840 B STREET, FOREST GROVE, OR 97116",45.51762,-123.115814
"4625 NW BROOKWOOD PKWY, HILLSBORO, OR 97124",45.548307,-122.927294
"7975 SW GRABHORN, BEAVERTON, OR 97007",45.462349,-122.891516
"9955 SW POTANO, TUALATIN, OR 97062",45.379361,-122.779611
"2900 SW CORNELIUS PASS RD STE 864, HILLSBORO, OR 97123",45.499855,-122.902057
"7904 SW HUNZIKER ST, TIGARD, OR 97223",45.430559,-122.771271
"10280 SW SPOKANE CT, TUALATIN, OR 97062",45.382505,-122.781961
"12773 SW CAMPBELL RD, HILLSBORO, OR 97123",45.42737,-122.991358
"32155 NW COTTAGE ST, NORTH PLAINS, OR 97133",45.596624,-123.004545
"1800 NE 25TH AVE STES 2-10, HILLSBORO, OR 97124",45.550595,-122.962802
"16069 SW HILLSBORO HWY, HILLSBORO, OR 97123",45.403522,-122.94117
"21255 SW CHERRY LN, HILLSBORO, OR 97124",45.530271,-122.896891
"9388 SW TIGARD ST, TIGARD, OR 97223",45.431385,-122.772845
"2500 NW 229TH AVE BLD E-300, HILLSBORO, OR 97124",45.550301,-122.909956
"13450 SW HANSON RD ASR 4, BEAVERTON, OR 97005",45.484587,-122.809475
"535 N 4TH AVE, CORNELIUS, OR 97113",45.524301,-123.066748
