"","HazardousIngredient"
"1",""
"2","(META-)CRESOL"
"3","1-1,-DICHLORO-1-FLUOROETHANE"
"4","1-METHOXY-2-PROPANOL"
"5","1-METHYLPYRROLIDONE"
"6","1-OCTENE POLYMER WITH ETHENE"
"7","1-THIOGLYCEROL"
"8","1,1-CARBONYLDIIMIDAZOLE"
"9","1,1-DICHLORO-2,2,2-TRIFLUOROETHANE"
"10","1,1-METHYLENEBIS[4-ISOCYANATO-BENZENE"
"11","1,1,1-TRIFLUOROETHANE"
"12","1,1,1,2-TETRAFLUOROETHANE"
"13","1,2-DIMETHOXYETHANE"
"14","1,3-DICHLORO-2-PROPANOL"
"15","1,3,5 TRIGLYCIDYL ISOCYANURATE"
"16","1,3,5-TRIGLYCIDYL ISOCYANURATE"
"17","1,4-BUTANEDIOL"
"18","2-(2-AMINOETHOXY) ETHANOL"
"19","2-BENZYLIDENEHEPTANAL"
"20","2-BUTOXY ETHANOL"
"21","2-BUTOXYETHANOL"
"22","2-HEPTANONE"
"23","2-METHOXY-1-METHYL ACETATE"
"24","2-PHOPHONOBUTANE-1,2,4-TRICARBOXYLIC"
"25","2-PROPANOL"
"26","2-PROPENOIC ACID HOMOPOLYMER"
"27","2-PROPENOIC ACID POLYMER"
"28","2-PROPENOIC ACID, POLYMER"
"29","2-PYRROLIDINONE"
"30","2,2-DICHLORO-1,1,1 TRIFLUOROETHANE"
"31","2,2-DICHLORO-1,1,1-TRIFLUOROETHANE"
"32","2,4-HEXADIENOIC ACID, POTASSIUM SALT"
"33","2,4-TOLUENE DIISOCYANATE"
"34","2,5-FURANDIONE, POLYMER WITH 1-PROPENE"
"35","2,6-DICHLOROBENZONITRILE"
"36","3 NC-510 HYDROCARDANOL"
"37","3,5,5-TRIMETHYLHEXANOIC ACID"
"38","3,5,7-TRIAZA-1-AZONIATRICYCLO"
"39","3,6-DICHLOROFLUOROESCEIN"
"40","4-4-ISOPROPYLIDENEDIPHENOL"
"41","4-AMINO BENZENE ETHANOL"
"42","4-METHYL-2-PENTANOL"
"43","4-NITROPHTHALONITRILE"
"44","4-NONYLPHENOL, BRANCHED"
"45","4,4-METHYLENEBIS 2-CHLOR"
"46","5-CHLORO-2-METHYL-2H-ISOTHIAZOL-3-ONE"
"47","5-CHLORO-2-METHYL-4-ISOTHIAZOLIN-3-ONE"
"48","5-CHLORO-2-METHYL-4-SOTHIAZOLIN-3-ONE"
"49","5-CHLORO-2-PENTANONE"
"50","5-METHYL-1H-BENZOTRIAZOLE"
"51","6-DIAZO-5,6-DIHYDRO-5-OXY-1-NAPHTHALENES"
"52","9-OCTADECENOIC ACID (9Z)-, REACTION"
"53","ABS COPOLYMER"
"54","ACESULFAME K"
"55","ACETAL POLYMER"
"56","ACETALDEHYDE DIETHYL ACETAL, NATURAL"
"57","ACETAMINOPHEN USP"
"58","ACETONE"
"59","ACETONITRILE"
"60","ACETYLSALICYLIC ACID"
"61","ACIDIC SOLUTIONS"
"62","ACIDS"
"63","ACRYLIC COPOLYMER SODIUM SALT"
"64","ACRYLIC POLYMER"
"65","ACRYLIC RESIN"
"66","ACRYLIC RESINS"
"67","ACRYLONITRILE-BUTADIENE STYRENE"
"68","ACRYLONITRILE/BUTADIENE/STYRENE"
"69","ACTIVATED CARBON (COAL BASED)"
"70","ACTIVATED SEWAGE SLUDGE ORGANIC SOLIDS"
"71","ADIPIC ACID"
"72","AIR"
"73","ALCOHOL"
"74","ALCOHOL ALKOXYLATES"
"75","ALCOHOL ETHOXYLATE"
"76","ALCOHOL ETHOXYLATED"
"77","ALCOHOLS, C12-16, ETHOXYLATED"
"78","ALFALFA MEAL"
"79","ALIPHATIC ESTERS AND ALDEHYDES"
"80","ALIPHATIC HYDROCARBON SOLVENT"
"81","ALIPHATIC HYDROCARBONS"
"82","ALIPHATIC OIL"
"83","ALKALI BLUE PIGMENT"
"84","ALKALI CARBONATE"
"85","ALKALINE SOLUTION"
"86","ALKOXY FUNCTIONAL SILANES"
"87","ALKYL (C16-C18) METHYL ESTERS"
"88","ALKYL ALCOHOL C10-16 ETHOXYLATED"
"89","ALKYL DIMETHYL BENZYL AMMONIUM CHLORIDE"
"90","ALKYL SULFOSUCCINATE SALT"
"91","ALKYLAMINE ACETATE"
"92","ALKYLATED POLYAMINE"
"93","ALMANDINE"
"94","ALPHA-METHYLSTYRENE"
"95","ALUMINA"
"96","ALUMINA-ZIRCON"
"97","ALUMINATE SULFATE HYDRATE"
"98","ALUMINUM"
"99","ALUMINUM CHLORIDE"
"100","ALUMINUM CHLORIDE HYDROXIDE"
"101","ALUMINUM CHLORIDE, HEXAHYDRATE"
"102","ALUMINUM CHLOROHYDRATE"
"103","ALUMINUM COMPOUNDS"
"104","ALUMINUM DISTEARATE"
"105","ALUMINUM FIBER"
"106","ALUMINUM FLAKE"
"107","ALUMINUM FLUORIDE"
"108","ALUMINUM METAL"
"109","ALUMINUM OXIDE"
"110","ALUMINUM PHOSPHIDE"
"111","ALUMINUM POWDER (STABILIZED)"
"112","ALUMINUM SULFATE"
"113","ALUMINUM SULFATE HYDRATE"
"114","ALUMINUM TRIHYDROXIDE"
"115","AMIDE"
"116","AMIDES, COCO, N,N-BIS(HYDROXYETHYL)"
"117","AMINE"
"118","AMINE BASED TETROL"
"119","AMINE BORATE"
"120","AMINE CATALYST"
"121","AMINOPOLYAMIDE"
"122","AMMONIA"
"123","AMMONIA HYDROXIDE"
"124","AMMONIA SALT OF MODIFIED STYRENE ACRYLIC"
"125","AMMONIUM  SULFATE"
"126","AMMONIUM & CALCIUM PHOSPHATES"
"127","AMMONIUM ACETATE"
"128","AMMONIUM BICARBONATE"
"129","AMMONIUM BIFLUORIDE"
"130","AMMONIUM BROMIDE"
"131","AMMONIUM CARBAMATE"
"132","AMMONIUM CHLORIDE"
"133","AMMONIUM CHLORIDE DERIVATIVE"
"134","AMMONIUM FLUORIDE"
"135","AMMONIUM HYDROXIDE"
"136","AMMONIUM HYDROXIDE, AMMONIA"
"137","AMMONIUM NITRATE"
"138","AMMONIUM NITRATES"
"139","AMMONIUM PERSULFATE"
"140","AMMONIUM POLYPHOSPHATE"
"141","AMMONIUM SULFATE"
"142","AMMONIUM THIOSULFATE"
"143","AMORPHOUS SILICON DIOXIDE"
"144","ANHYDROUS ORGANIC SALT"
"145","ANIONIC POLYACRYLAMIDE"
"146","ANTHRANILIC ACID"
"147","ANTIMONY TRIOXIDE"
"148","AQUA AMMONIA"
"149","AROMATIC DISTILLATION RESIDUE"
"150","AROMATIC HYDROCARBON"
"151","AROMATIC HYDROCARBONS"
"152","AROMATIC POLYISOCYANATE RESIN"
"153","ARSENIC"
"154","ARSENIC TRIOXIDE"
"155","ASPARAGINASE"
"156","ASPARTAME"
"157","ASPHALT"
"158","ASPHALT CEMENT"
"159","ASPHALT, MINERAL SPIRITS"
"160","AZOLE"
"161","BACILLUS SPHAERICUS SEROTYP H5A5B"
"162","BACILLUS THURENGENSIS ISRAELENSIS"
"163","BARITE"
"164","BARIUM CHLORIDE"
"165","BARIUM METABORATE"
"166","BARIUM SULFATE"
"167","BARLEY MALT FLOUR"
"168","BASE LUBRICATING OILS"
"169","BASE OIL"
"170","BASE POLYMER"
"171","BASE RESIN"
"172","BENTONITE"
"173","BENTONITE CLAY"
"174","BENZALDEHYDE"
"175","BENZENE DIETHENYL POLYMER"
"176","BENZENE SULFONIC ACID MONO-C10-16-ALKLDE"
"177","BENZENE, DIETHENYL-,POLYMER"
"178","BENZENE, DIETHYNYL POLYMER"
"179","BENZOTRIAZOLE"
"180","BENZYL BENZOATE"
"181","BENZYL CHLORIDE"
"182","BIFENTHRIN"
"183","BISMUTH"
"184","BISPHENOL A"
"185","BISPHENOL A DIGLYCIDYL ETHER"
"186","BISPHENOL A POLYCARBONATE"
"187","BISPHENOL A-EPICHLOROHYDRIN POLYMER"
"188","BLACK PIGMENT"
"189","BORIC ACID"
"190","BUTANEDIOIC ACID"
"191","BUTANONE"
"192","BUTOXYETHANOL"
"193","BUTYL BENZYL PHTHALATE"
"194","BUTYL CARBITOL"
"195","BUTYLENE/POLY(ALKYLENE)ETHER PHTHALATE"
"196","CADMIUM"
"197","CADMIUM SULFIDE"
"198","CADMIUM, AMMONIUM NITRATE"
"199","CALCINED ALUMINA"
"200","CALCIUM"
"201","CALCIUM CARBIDE"
"202","CALCIUM CARBONATE"
"203","CALCIUM CHLORIDE"
"204","CALCIUM CITRATE TETRAHYDRATE"
"205","CALCIUM COMPOUNDS"
"206","CALCIUM DIHYDROXIDE"
"207","CALCIUM FLUORIDE"
"208","CALCIUM HYDROXIDE"
"209","CALCIUM HYPOCHLORITE"
"210","CALCIUM LITHOL"
"211","CALCIUM MAGNESIUM CARBONATE"
"212","CALCIUM NITRATE"
"213","CALCIUM NITRATE, TETRAHYDRATE"
"214","CALCIUM OXIDE"
"215","CALCIUM PHOSPHATE MONOBASIC"
"216","CALCIUM PROPIONATE"
"217","CALCIUM SALT"
"218","CALCIUM SALTS"
"219","CALCIUM SALTS-CEMENT"
"220","CALCIUM/SODIUM CHLORIDE"
"221","CALPRIL"
"222","CANOLA OIL"
"223","CARAWAY OIL"
"224","CARBAMIC ACID BUTYL ESTER"
"225","CARBAMIC ACID, AMMONIUM SALT"
"226","CARBARYL"
"227","CARBITOL"
"228","CARBON"
"229","CARBON BLACK"
"230","CARBON BLACK AMORPHOUS"
"231","CARBONYL IRON POWDER"
"232","CARBOXYLATED STYRENE BUTADINE POLYMER"
"233","CARBOXYLIC ACID"
"234","CASEIN"
"235","CATIONIC WATER-SOLUBLE POLYMER"
"236","CAUSTIC SODA"
"237","CELLULOSE"
"238","CELLULOSE FIBER"
"239","CERELOSE"
"240","CERIUM (IV) OXIDE"
"241","CERIUM OXIDE"
"242","CHELATED ZINC"
"243","CHLORINATED POLYVINYL CHLORIDE"
"244","CHLORO-2-METHYL-4-ISOTHIAZOLIN-3-ONE"
"245","CHLOROFORM"
"246","CHLOROMETHYL CHLOROFORMATE"
"247","CHLOROPHACINONE"
"248","CHONDROITIN SULFATE SODIUM"
"249","CHROME COMPOUNDS"
"250","CHROMIC ACID"
"251","CHROMIC AICD"
"252","CHROMIUM"
"253","CHROMIUM (III) OXIDE"
"254","CHROMIUM & SODIUM HYDROXIDE"
"255","CHROMIUM OXIDE/COPPER OXIDE"
"256","CHROMIUM TRIOXIDE"
"257","CITRIC ACID"
"258","CITRIC ACID MONOHYDRATE"
"259","CLAY"
"260","COAL TAR PITCH"
"261","COBALT"
"262","COBALT (II) CHLORIDE HEXAHYDRATE"
"263","COBALT CARBONATE"
"264","COBALT NEODECANOATE 0.5%-1.5%"
"265","COCOA POWDER"
"266","COIR FIBER PITH AND COIR FIBERS"
"267","COLEMANITE"
"268","COLORANT(MAGENTA)"
"269","COLUMBIUM"
"270","COMPONENT A"
"271","COMPRESSED FLAMMABLE GAS"
"272","COPOLYMER OF ETHYLENE AND OCTENE-1"
"273","COPPER"
"274","COPPER (II) SULFATE"
"275","COPPER (II) SULFATE PENTAHYDRATE"
"276","COPPER ACETATE"
"277","COPPER CHLORIDE"
"278","COPPER COMPOUNDS"
"279","COPPER CYANIDE"
"280","COPPER HYDROXIDE"
"281","COPPER SULFATE"
"282","COPPER SULFATE PENTAHYDRATE"
"283","COPPER, CHROMIUM, CADMIUM, ETC."
"284","CORN FLOUR"
"285","CORN MEAL"
"286","CORN SYRUP"
"287","CREATINE MONOHYDRATE"
"288","CRISTOBALITE"
"289","CRYSTALLINE QUARTZ"
"290","CYANIDE"
"291","CYCLOHEXANONE"
"292","CYCLOHEXYLAMINE"
"293","D-GLUCOSAMINE HYDROCHLORIDE"
"294","DAKOTA PEAT"
"295","DATEM"
"296","DAZOMET"
"297","DECANAL"
"298","DEXTROSE"
"299","DEXTROSE ANHYDROUS"
"300","DGEBA"
"301","DI-TERT-BUTYL DICARBONATE"
"302","DIACETONE ALCOHOL 50%, ROSIN ESTER"
"303","DIAMINOCYCLOHEXANE"
"304","DIAMMONIUM PHOSPHATE"
"305","DIATOMACEOUS EARTH"
"306","DIATOMACEOUS EARTH CALCINED"
"307","DIATOMACEOUS EARTH FLUX CALCINED"
"308","DIATOMACEOUS EARTH NATURAL"
"309","DICALCIUM PHOSPHATE"
"310","DICALCIUM PHOSPHATE DIHYDRATE"
"311","DICHLOBENIL (2,6-DICHLOROBENZONITRILE)"
"312","DICHLORO-2-PROPANOL-1,3"
"313","DICHLORO-S-TRIAZINETRIONE"
"314","DICHLOROTETRAFLUOROETHANE"
"315","DICYANDIAMIDE"
"316","DIDECYL DIMETHYL AMMONIUM CHLORIDE"
"317","DIDECYLDIMETHYL AMMONIUM CHLORIDE"
"318","DIETHYLENETRIAMINE"
"319","DIETHYLETHANOLAMINE"
"320","DIETHYLHYDROXYLAMINE"
"321","DIGLYCIDYL ETHER OF BISPHENOL A"
"322","DIMERDIOL FATTY DIOL, C36 BRANCHED"
"323","DIMETHOXANE"
"324","DIMETHYL ACETAMIDE"
"325","DIMETHYL BENZYL AMMONIUM CHLORIDES"
"326","DIMETHYL SULFOXIDE"
"327","DIMETHYLACETAMIDE"
"328","DIMETHYLAMINE SALT OF MCPA"
"329","DIMETHYLAMINOBORANE"
"330","DIMETHYLDIOCTYLAMMONIUM CHLORIDE"
"331","DIMETHYLETHANOLAMINE-EPICHLORHYDRIN"
"332","DIMETHYLPOLYSILOXANES"
"333","DIMETHYLSULFOXIDE"
"334","DIOCTADECYLAMINE"
"335","DIPOTASSIUM PHOSPHATE"
"336","DIPROP GLY TERT-BUTYL ETHE"
"337","DISILANE"
"338","DISODIUM OCTABORATE TETRAHYDRATE"
"339","DISODIUM PHOSPHATE"
"340","DISODIUM PYROPHOSPHATE"
"341","DISODIUM SALT OF EDTA"
"342","DISODIUM TARTRATE ANHYDROUS"
"343","DISTILLATES HEAVY PARAFINNIC"
"344","DISTILLATES, HEAVY NAPHTHENIC"
"345","DITHIOPYR"
"346","DKHLOROBENZIDINE OR ITS SALTS"
"347","DODECYLAMINE"
"348","DODECYLBENZENE SULFONIC ACID"
"349","DOLOMITE"
"350","EDIBLE GRAIN MIXTURE"
"351","EMULSIFIED STYRENE BUTADIENE / ACRYLONIT"
"352","EMULSIFIER"
"353","EMULSIFIER ANIONIC"
"354","EPICHLORHYDRIIN/BISPHENOL-A EPOXY RESIN"
"355","EPICHLOROHYDRIN"
"356","EPOXY POLYMER RESIN"
"357","EPOXY RESIN"
"358","ERBIUM OXIDE"
"359","ERYTHRITOL"
"360","ESTER OF ROSIN"
"361","ETHANAMINE, N,N-DIMETHYL"
"362","ETHANE, 1,1,1,2-TETRAFLUORO (HFC-134A)"
"363","ETHANE, TETRAFLUORO"
"364","ETHANOL"
"365","ETHANOL, 2-((2-AMINO-1-METHYLETHYL)AMINO"
"366","ETHANOLAMINE"
"367","ETHOXYLATED C12-C14 ALCOHOL"
"368","ETHOXYLATED NONYLPHENOL"
"369","ETHYL ACETATE"
"370","ETHYL ALCOHOL"
"371","ETHYL LACTATE"
"372","ETHYL LACTATE, 2-PENTANONE"
"373","ETHYLENE HOMOPOLYMER"
"374","ETHYLENE OXIDE-NONYLPHENOL POLYMER"
"375","ETHYLENE VINYL ACETATE COPOLYMER"
"376","ETHYLENE-METHYL ACRYLATE (EMA)"
"377","ETHYLENEDIAMINE"
"378","FATTY ACID"
"379","FATTY ACID DERIVATIVES"
"380","FATTY ACIDS"
"381","FATTY ACIDS TALL-OIL"
"382","FD  AND C RED NO 40 GRANULAR"
"383","FERRIC AMMONIUM EDTA"
"384","FERRIC CHLORIDE"
"385","FERRIC OXIDE"
"386","FERRIC SULFATE"
"387","FERROUS CHLORIDE"
"388","FERROUS SULFIDE"
"389","FERROUS SULPHATE"
"390","FERTILIZER MINERALS"
"391","FIBER GLASS"
"392","FIBER GLASS CONTINUOUS"
"393","FIBERGLASS"
"394","FIBROUS GLASS"
"395","FLOUR"
"396","FLUORIDE SALT"
"397","FLUOROSILICIC ACID"
"398","FOOD GRADE OIL"
"399","FORMALDEHYDE"
"400","FORMIC ACID"
"401","FREE FATTY ACIDS"
"402","FRUCTOSE"
"403","FUEL OIL RESIDUAL"
"404","FULLERS EARTH (ATTAPULGITE TYPE)"
"405","GALLIUM ARSENIDE"
"406","GLASS"
"407","GLASS OXIDE"
"408","GLUCOSAMINE SULFATE"
"409","GLUCOSE"
"410","GLUTARALDEHYDE"
"411","GLYCERINE"
"412","GLYCEROL"
"413","GLYCINE"
"414","GRAIN DUST"
"415","GRAPHITE"
"416","GROUND LIMESTONE (CALCIUM CARBONATE)"
"417","GUAR GUM"
"418","GYPSUM"
"419","HAFNIUM"
"420","HALOGENATED HYDROCARBON"
"421","HEAVY PARAFFINIC DISTILLATE"
"422","HEPTAN-2-ONE"
"423","HEXAFLUOROETHANE"
"424","HEXAMETHALENETETRAMINE & PHENOL"
"425","HEXAMETHYLENETETRAMINE"
"426","HEXANAL"
"427","HIGHLY REFINED BASE OIL"
"428","HIGHLY REFINED LUBRICANT"
"429","HIGHLY REFINED MINERAL OIL"
"430","HIGHLY REFINED MINERAL OIL (C15-C50)"
"431","HYDRATED CALCIUM MAGNESIUM ACETATE"
"432","HYDRAZINE MONOHYDRATE"
"433","HYDROBROMIC ACID"
"434","HYDROCARBON BASE OIL"
"435","HYDROCARBON BASED OILS"
"436","HYDROCARBON IN WATER EMULSION"
"437","HYDROCARBON SOLVENT"
"438","HYDROCHLORIC ACID"
"439","HYDROFLUORIC ACID"
"440","HYDROQUINONE"
"441","HYDROTREATED DISTILLATE LIGHT"
"442","HYDROTREATED DISTILLATE, HVY PARAFFINIC"
"443","HYDROTREATED HEAVY NAPHTHENIC DISTILLATE"
"444","HYDROTREATED LIGHT NAPHTHENIC DISTILLATE"
"445","HYDROTREATED NATURAL HYDROCARBON"
"446","HYDROTREATED PARAFFINIC HYDROCARBONS"
"447","HYDROXY PROPYL METHYLCELLULOSE"
"448","HYDROXYLAMINE"
"449","HYDROXYLAMINE SULFATE"
"450","HYPOCHLORITE SOLUTION (12.5%)"
"451","HYRDROFLUORIC ACID"
"452","IMIDACLOPRID"
"453","IMIDAZOLIUM COMPOUNDS"
"454","IMIDODICARBONIMIDIC DIAMIDE"
"455","INORGANIC FLUORIDE"
"456","INORGANIC SALT"
"457","INULIN"
"458","IRON"
"459","IRON CHROMATE"
"460","IRON CHROMITE"
"461","IRON OXIDE"
"462","IRON OXIDE (BLACK)"
"463","IRON OXIDE RED"
"464","IRON OXIDE YELLOW"
"465","IRON SALT"
"466","IRON SULFATE"
"467","IRON SULFATE HEPTAHYDRATE"
"468","ISOALKANES"
"469","ISOBUTYRAMIDE"
"470","ISOCYANATE"
"471","ISOCYANATES"
"472","ISOMERIC MIXTURE OF ETHANOL, 2,2-"
"473","ISOPROPANOL"
"474","ISOPROPANOL, ETHYLACETATE, ETC."
"475","ISOPROPYL ACETATE"
"476","ISOPROPYL ALCOHOL"
"477","KEROSENE"
"478","KETONES, MIXTURE"
"479","KRYPTON"
"480","L-ASCORBIC ACID"
"481","L-PHENYLALANINE"
"482","LAURYL ETHER CARBOXYLIC ACID"
"483","LCELLULOSE"
"484","LEAD"
"485","LEAD COMPOUND"
"486","LEAD MONOXIDE"
"487","LEAD OXIDE"
"488","LECITHIN"
"489","LEUCO QUINIZARIN"
"490","LIGHT PARAFFINIC OIL"
"491","LIME"
"492","LIMESTONE"
"493","LIMESTONE, CALCIUM CARBONATE"
"494","LINEAR ALCOHOL ETHOXYLATE"
"495","LINSEED OIL"
"496","LITHOL RED (BARIUM)"
"497","LUBRCATING OILS USED"
"498","LUBRICANT BASE OIL"
"499","LUBRICATING BASE OIL"
"500","LUBRICATING BASE OILS"
"501","MAGNESIUM"
"502","MAGNESIUM AMMONIUM PHOSPHATE-HEXAHYDRATE"
"503","MAGNESIUM CHLORIDE"
"504","MAGNESIUM CHLORIDE HEXAHYDRATE"
"505","MAGNESIUM CHLORIDE, HEXAHYDRATE"
"506","MAGNESIUM HYDROXIDE"
"507","MAGNESIUM OXIDE"
"508","MAGNESIUM PHOSPHIDE"
"509","MAGNESIUM STEARATE"
"510","MAGNESIUM SULFATE"
"511","MAGNESIUM/SODIUM CHLORIDE"
"512","MALEIC ACID"
"513","MALEIC ANHYDRIDE RESIN"
"514","MALTODEXTRIN"
"515","MANGANESE"
"516","MANGANESE DICHLORIDE"
"517","MANGANESE DIOXIDE"
"518","MANGANESE OCTOATE"
"519","MANGANESE SULFATE"
"520","MELAMINE"
"521","MERCURY"
"522","MESITYLENE"
"523","METAL HYDROXIDES, LEAD ETC."
"524","METAL OXIDES"
"525","METAM-SODIUM"
"526","METHANOL"
"527","METHANOL, ISOPROPYL ALCOHOL ETC."
"528","METHYL 2- ANTHRANILATE"
"529","METHYL ALCOHOL"
"530","METHYL ETHYL KETONE"
"531","METHYL ISOTHIOCYANATE"
"532","METHYL METHACRYLATE"
"533","METHYL METHACRYLATE ETHYLHEXYL ACRYLATE"
"534","METHYL METHACRYLATE MONOMER"
"535","METHYL N-AMYL KETONE"
"536","METHYLENE CHLORIDE"
"537","METHYLENE UREA"
"538","METHYLTRICHLOROSILANE"
"539","MINERAL FIBER"
"540","MINERAL FILLER"
"541","MINERAL FILLERS"
"542","MINERAL OIL"
"543","MINERAL SPIRITS"
"544","MIXED KETONES"
"545","MIXED OILS"
"546","MIXED PHOSPHOLIPIDS"
"547","MODIFIED FATTY AMIDOAMINE"
"548","MODIFIED POLYETHOXYLATED ALCOHOL"
"549","MODIFIED STYRENE ACRYLIC POLYMERS"
"550","MOLTEN ALLOYS"
"551","MOLYBDEEN (IV) SULFIDE"
"552","MOLYBDENUM TRIOXIDE"
"553","MONETHANOLAMINE"
"554","MONO//MULTI-FUNCTION METHACRYLATES"
"555","MONOAMMONIUM PHOSPHATE"
"556","MONOBUTYL ETHER"
"557","MONOBUTYLTIN TRICHLORIDE"
"558","MONOCALCIUM PHOSPHATE MONOHYDRATE"
"559","MONOETHANOLAMINE"
"560","MONOMERIC ACRYLATES"
"561","MONOSODIUM GLUTAMATE"
"562","MONOSODIUM PHOSPHATE"
"563","MORPHOLINE"
"564","N PROPYL ALCOHOL"
"565","N-BUTYL ACETATE"
"566","N-METHYL-2-PYRROLIDONE"
"567","N-METHYLPYRROLIDONE"
"568","N-PROPYL ACETATE"
"569","NAPHTHA DISTILLATE"
"570","NAPHTHENIC DISTILLATE"
"571","NATRIUMSELENITE"
"572","NATURAL ZEOLITE"
"573","NEODYMIUM OXIDE"
"574","NEON"
"575","NEPHELINE SYENITE"
"576","NICKEL"
"577","NICKEL ACETATE"
"578","NICKEL CHLORIDE"
"579","NICKEL COMPOUNDS"
"580","NICKEL HYDROXIDE"
"581","NICKEL OXIDE"
"582","NICKEL SULFAMATE"
"583","NICKEL SULFATE"
"584","NICKEL SULFATE HEXAHYDRATE"
"585","NITRATES, PHOSPHATES, SULFUR ETC."
"586","NITRIC ACID"
"587","NO 2 FUEL OIL"
"588","NON HAZARDOUS COMPONENTS"
"589","NONE"
"590","NONE AS PER 29CFR 1910.1200"
"591","NONE AS PER 29CFR PART 1910.1200"
"592","NONE LISTED"
"593","NONE LISTED ON MSDS"
"594","NONE LISTED ON SDS"
"595","NONE LISTED ON THE MSDS"
"596","NONE PER 29 CFR 1910.1200"
"597","NONE PROVIDED ON MSDS"
"598","NONYLPHENOL ETHOXYLATE"
"599","NYLON 6/6"
"600","NYLON 66"
"601","OAT FIBER"
"602","OCTADECANOIC ACID"
"603","OCTADECYL ISOCYANITE"
"604","OCTADOCANOL"
"605","OCTAFLUOROCYCLOBUTANE"
"606","OCTAFLUOROCYCLOBUTANE 100%"
"607","OCTAFLUOROCYCLOPENTENE"
"608","OCTANOL"
"609","OIL"
"610","OPALINE ABSORANT MATERIAL"
"611","ORGANIC ACID"
"612","ORGANIC ACID SALT"
"613","ORGANIC ACIDS"
"614","ORGANIC ALCOHOL"
"615","ORGANIC ANHYDRIDE"
"616","ORGANIC BASED FERTILIZER"
"617","ORGANIC COMPOUND"
"618","ORGANIC MATTER"
"619","ORGANIC PHOSPHONIC ACID"
"620","ORGANIC PIGMENT"
"621","ORGANIC SALT"
"622","ORGANIC SOLVENT MIXTURE"
"623","ORGANICS"
"624","ORYZALIN"
"625","OXADIAZON"
"626","OXALIC ACID ANHYDROUS"
"627","OXALIC ACID DIHYDRATE"
"628","OXIDIZED CASTOR OIL"
"629","OXIDIZED POLYETHYLENE"
"630","OXIRANE, 2,2-4-BYTYLIDENEBISPHENYLENEOXY"
"631","P-MDI"
"632","P-TERPHENYL"
"633","P-TOLUENESULFONIC ACID"
"634","PALM OIL"
"635","PARA-PHENYLDIAMINE DERIVATIVE (CD3)"
"636","PARA-PHENYLENEDIAMINE DERIVATIVE"
"637","PARAFFIN"
"638","PARAFFIN AND HYDROCARBON WAX"
"639","PARAFFIN WAX"
"640","PARAFFIN WAXES"
"641","PARAFFINIC DISTILLATE DEWAXED"
"642","PARAFFINIC HYDROCARBON"
"643","PARAFFINIC OILS"
"644","PARAFORMALDEHYDE"
"645","PARRAFIN WAX"
"646","PCB"
"647","PEAT MOSS"
"648","PELLETIZED DOLOMITE"
"649","PENTAFLUOROETHANE"
"650","PERCHLOROETHYLENE"
"651","PERFLUORO COMPOUNDS"
"652","PERLITE"
"653","PERSULFATE"
"654","PHENOL"
"655","PHENYLENE DIAMINE"
"656","PHOSPHATE ACID"
"657","PHOSPHATE ESTER"
"658","PHOSPHONIC ACID ((NITRILOTRIS(METHYLENE"
"659","PHOSPHONIC ACID DERIVATIVE"
"660","PHOSPHONIC ACID,((PHOSPHONOMETHYL)"
"661","PHOSPHORIC ACID"
"662","PHOSPHORUS OXYCHLORIDE"
"663","PHOSPHORUS PENTASULFIDE"
"664","PHTHALO BLUE PIGMENT"
"665","PHTHALO CYANINE BLUE PIGMENT"
"666","PIGMENT RED 49:1"
"667","PIPERAZINE ANYHDROUS"
"668","PIPERIDINE"
"669","PLAGIOCLASE FELDSPAR"
"670","PLASTER OF PARIS"
"671","POLY BUTYLENE TEREPHTHALATE"
"672","POLY PROPYLENE"
"673","POLY-BUTYLENETEREPHTHALATE"
"674","POLY(ETHYLENE OXIDE)"
"675","POLY(HEXAMETHYLENE ADIPAMIDE)"
"676","POLY(MALEIC ACID)"
"677","POLY(OXY-1,2-ETHANEDIYL),ALPHA-"
"678","POLY(OXY-1,2-ETHANEDIYL),ALPHA-(NONYLPHE"
"679","POLY(OXY(METHYL-1,2-ETHANEDIYL))"
"680","pOLYACRYLATE AQUEOUS SOLUTION"
"681","POLYACRYLIC ACID"
"682","POLYALKYL SILOXANE"
"683","POLYALUMINUM CHLORIDE"
"684","POLYAMIDE"
"685","POLYCARBONATE"
"686","POLYCARBOXILIC ACID"
"687","POLYCARBOXYLIC ACID"
"688","POLYCHLOROPRENE"
"689","POLYCYCLODIENE"
"690","POLYDIMETHYLDIALLYLAMMONIUM CHLORIDE"
"691","POLYDIMETHYLSILOXANE"
"692","POLYESTER"
"693","POLYESTER POLYOL"
"694","POLYESTER RESIN"
"695","POLYETHER POLYOL"
"696","POLYETHERIMIDE"
"697","POLYETHLEN(10) ACETYLENIC GLKYCOL ETHEL"
"698","POLYETHYLENE"
"699","POLYETHYLENE HOMOPOLYMER"
"700","POLYISOCYANATE POLYADDITION (PIPA)"
"701","POLYMER COATED SULFUR"
"702","POLYMER COATED UREA"
"703","POLYMER SOLIDS"
"704","POLYMERIC MDI"
"705","POLYMETHYLENE POLYPHENYL ISOCYANATE"
"706","POLYOL"
"707","POLYOLEFIN"
"708","POLYOXYETHYLENE NONYL PHENOL"
"709","POLYOXYMETHYLENE COPOLYMER"
"710","POLYPHENOL OXIDE"
"711","POLYPHENYLENE SULFIDE"
"712","POLYPROPYLENE"
"713","POLYPROPYLENE COPOLYMER"
"714","POLYPROPYLENE HOMOPOLYMER"
"715","POLYSTYRENE"
"716","POLYSTYRENE POLYMER RESINS"
"717","POLYURETHANE"
"718","POLYVINYL ACETATE"
"719","POLYVINYL ALCOHOL PARTIALLY SAPONIFIED"
"720","POLYVINYL ALCOHOLS"
"721","POLYVINYL CHLORIDE"
"722","PORPOXYLATED AMINE"
"723","PORTLAND CEMENT"
"724","POTASSIUM ACETATE"
"725","POTASSIUM ALUMINUM FLUORIDE"
"726","POTASSIUM AUROCYANIDE"
"727","POTASSIUM BENZOATE"
"728","POTASSIUM BICARBANATE"
"729","POTASSIUM BICARBONATE MIXTURES"
"730","POTASSIUM BICHROMATE"
"731","POTASSIUM CARBONATE"
"732","POTASSIUM CHLORIDE"
"733","POTASSIUM CITRATE"
"734","POTASSIUM CITRATE MONOHYDRATE"
"735","POTASSIUM CYANIDE"
"736","POTASSIUM DICYANOAURATE"
"737","POTASSIUM HYDROXIDE"
"738","POTASSIUM HYDROXIDE LIQUID"
"739","POTASSIUM MAGNESIUM SULFATE"
"740","POTASSIUM NITRATE"
"741","POTASSIUM PERMANGANATE"
"742","POTASSIUM PEROXYMONOSULFATE"
"743","POTASSIUM PHOSPHATE"
"744","POTASSIUM SALTS OF CARBOXYLIC ACID"
"745","POTASSIUM SILVER CYANIDE"
"746","POTASSIUM SULFATE"
"747","POTASSIUM SULFITE"
"748","POTASSIUM TETRABORATE"
"749","POTASSIUM-CALCIUM-MAGNESIUM ALUMINO SIL"
"750","PRODIAMINE"
"751","PROPICONAZOLE"
"752","PROPIONIC ACID"
"753","PROPRIETARY"
"754","PROPRIETARY ALCOHOL"
"755","PROPRIETARY BASIC OXIDE MIXTURE"
"756","PROPRIETARY COMPONENT A"
"757","PROPRIETARY SURFACTANT"
"758","PROPYLENE"
"759","PROPYLENE HOMOPOLYMER"
"760","PROPYLENE-ETHYLENE POLYMER"
"761","PROPYLENE/ETHYLENE COPOLYMER"
"762","PROTEINS SOY"
"763","PUMICE"
"764","PURIFIED CARBON"
"765","PVC RESINS"
"766","PYRETHRINS"
"767","PYRIDINE-3-CARBOXAMIDE"
"768","QUARTZ"
"769","QUAT AMINE DIVINYL BENZENE/STYRENE COPOL"
"770","QUATERNARY AMIDE"
"771","QUATERNARY AMMONIUM CHLORIDES"
"772","QUATERNARY AMMONIUM COMPOUNDS"
"773","QUINIZARIN"
"774","REDUCING AGENTS"
"775","REFINED BASE OIL"
"776","REFINED COAL TAR PITCH"
"777","REFINED MINERAL OIL"
"778","RESIDUAL FUEL OIL"
"779","RESIN"
"780","RESIN/ROSIN ACID SALTS"
"781","RICE FLOUR"
"782","ROSIN ESTER"
"783","ROSIN SOAP"
"784","RUBBER"
"785","RUBBER MODIFIED ASPHALT"
"786","S-METHOPRENE"
"787","SACCHAROMYCES CEREVISIAE YEAST STRAIN"
"788","SAFFOLA OIL"
"789","SALMON OIL"
"790","SALT"
"791","SDOIUM TETRABORATE DECAHYDRATE"
"792","SELENIOUS ACID"
"793","SELENIUM"
"794","SEVERELY HYDROTREATED HVY NAPHTHENIC DIS"
"795","SEVERELY HYDROTREATED MINERAL OIL"
"796","SEVERLY HYDROTREATED MINERAL OIL"
"797","SILANE"
"798","SILICIC ACID, ALUMINUM SODIUM SALT"
"799","SILICIC ACID, DIPOTASSIUM SALT"
"800","SILICIC ACID, DISODIUM SALT"
"801","SILICON"
"802","SILICON CARBIDE"
"803","SILICON COMPOUND"
"804","SILICON DIOXIDE"
"805","SILICON DIOXIDE AMORPHOUS"
"806","SILICONE ANTIFOAM"
"807","SILVER"
"808","SILVER CYANIDE"
"809","SILVER POTASSIUM CYANIDE"
"810","SLUDGE IN CLAY FORM"
"811","SLUDGE WITH HEAVY METALS (CADMIUM)"
"812","SODA LIME GLASS"
"813","SODA-LIME SILICON DIOXIDE GLASS"
"814","SODIUM ACETATE"
"815","SODIUM AMIDE"
"816","SODIUM BENZOATE"
"817","SODIUM BICARBONATE"
"818","SODIUM BISULFATE"
"819","SODIUM BISULFITE"
"820","SODIUM BROMIDE"
"821","SODIUM CALCIUM BORATE"
"822","SODIUM CARBONATE"
"823","SODIUM CARBONATE PEROXYHYDRATE"
"824","SODIUM CHLORIDE"
"825","SODIUM CHLORIDE (SALT)"
"826","SODIUM CHLORITE"
"827","SODIUM CITRATE"
"828","SODIUM CYANIDE"
"829","SODIUM DICHLORO-S-TRIAZINETRIONE"
"830","SODIUM DICHLOROISOCYANURATE"
"831","SODIUM DICHLOROISOCYANURATE DIHYDRATE"
"832","SODIUM DICHROMATE"
"833","SODIUM DICHROMATE DIHYDRATE"
"834","SODIUM FLUOALUMINATE"
"835","SODIUM FLUORIDE"
"836","SODIUM FORMATE"
"837","SODIUM GLUCONATE"
"838","SODIUM HEXAMETAPHOSPHATE"
"839","SODIUM HYDROSULFIDE"
"840","SODIUM HYDROXIDE"
"841","SODIUM HYDROXIDE 7-10%"
"842","SODIUM HYPOCHLORITE"
"843","SODIUM HYPOPHOSPHITE"
"844","SODIUM LIGNOSULFONATE"
"845","SODIUM MERCAPTOBENZOTHIAZOLE"
"846","SODIUM METABISULFATE"
"847","SODIUM METABISULFITE"
"848","SODIUM NITRATE"
"849","SODIUM NITRITE"
"850","SODIUM PERBORATE"
"851","SODIUM PERCARBONATE"
"852","SODIUM PERMANGANATE"
"853","SODIUM PERMANGANATE DIHYDRATE"
"854","SODIUM PERSULFATE"
"855","SODIUM PHOSPHATE"
"856","SODIUM SACCHARIN"
"857","SODIUM SALT OF SULPHONATED NAPHTHALENE"
"858","SODIUM SILICOFLUORIDE"
"859","SODIUM STEAROYL LACTYLATE"
"860","SODIUM SULFATE"
"861","SODIUM SULFIDE"
"862","SODIUM SULFITE"
"863","SODIUM TETRABORATE"
"864","SODIUM TETRABORATE DECAHYDRATE"
"865","SODIUM TETRABORATE PENTAHYDRATE"
"866","SODIUM THIOSULFATE"
"867","SODIUM THIOSULFATE PENTAHYDRATE"
"868","SODIUM TRI POLY PHOSPHATE"
"869","SODIUM TRIPOLYPHOSPHATE"
"870","SODIUM XYLENE SULFONATE"
"871","SOIDUM NITRITE"
"872","SOLUBLE NICKEL COMPOUNDS"
"873","SOLVENT DEWAXED DISTILLATE"
"874","SOLVENT DEWAXED HEAVY PARAFFINIC"
"875","SOLVENT NAPHTHA"
"876","SOLVENT REFINED DISTILLATE"
"877","SOLVENT-REFINED HEAVY NAPHTHENIC DIST"
"878","SORBIC ACID"
"879","SORBITOL"
"880","SOY BEAN OIL"
"881","SOY FLOUR"
"882","SOY OIL"
"883","SOY PROTEIN FP 940"
"884","SOYA LECITHIN"
"885","SOYBEAN"
"886","SOYBEAN OIL"
"887","SPINOSAD"
"888","STANNOUS CHLORIDE"
"889","STANNOUS SULFATE"
"890","STEARIC ACID"
"891","STEARIC ACID N-BUTYL ESTER"
"892","STEEL"
"893","STODDARD SOLVENT"
"894","STREPTOMYCES LYDICUS WYEC 108"
"895","STRONG ACID CATION EXCHANGE POLYMER"
"896","STRONTIUM NITRATE"
"897","STYRENE"
"898","STYRENE ACRYLIC COPOLYMER"
"899","STYRENE ACRYLIC POLYMER"
"900","STYRENE ACRYLIC RESIN"
"901","STYRENE BUTADIENE POLYMER"
"902","STYRENE MALEIC ANHYDRIDE RESIN CUMENE"
"903","STYRENE MONOMER"
"904","STYRENE-ACRYLONITRILE-BUTADIENE COPOLYME"
"905","STYRENE-BUTADIENE POLYMER"
"906","STYRENE-BUTADIENE-STYRENE BLOCK COPOLYME"
"907","STYRENE-BUTADIENE-STYRENE BLOCK POLYMER"
"908","STYRENE-DIVINYLBENZENE COPOLYMER"
"909","STYRENE, DIVINYLBENZENE, COPOLYMER"
"910","SUBSTITUTED AROMATIC AMINE"
"911","SUCRALOSE"
"912","SULFAMIC ACID"
"913","SULFATE OF POTASH"
"914","SULFONIC ACID DERIVATIVE"
"915","SULFUR"
"916","SULFUR COATED UREA"
"917","SULFUR DIOXIDE"
"918","SULFUR HEXAFLUORIDE"
"919","SULFURIC ACID"
"920","SUMITHRIN"
"921","SYNTHETIC BASE STOCKS"
"922","SYNTHETIC HYDROCARBON"
"923","TACKIFYING RESIN"
"924","TALC"
"925","TANTALUM"
"926","TARTARIC ACID"
"927","TAURINE"
"928","TEA EXTRACT"
"929","TEGBE"
"930","TETRA METHYL AMMONIUM HYDROXIDE"
"931","TETRA METHYLAMMONIUM HYDROXIDE"
"932","TETRA METHYLENE SULPHONE"
"933","TETRA-METHYL AMMONIA HYDROXIDE"
"934","TETRABUTYL AMMONIUM BROMIDE"
"935","TETRACHLORETHYLENE"
"936","TETRACHLOROETHYLENE"
"937","TETRAHYDRO-3,5-DIMETHYL-2H-1,3,5"
"938","TETRAHYDROFURAN"
"939","TETRAMETHYL AMMONIUM HYDROXIDE"
"940","TETRAMETHYL AMMONIUM HYDROXY"
"941","TETRAMETHYLAMMONIUM HYDROXIDE"
"942","TETRAPOTASSIUM PYROPHOSPHATE"
"943","TETRASODIUM SALT OF EDTA"
"944","THERMOCOMP"
"945","THERMOPLASTIC RUBBER"
"946","THIONYL CHLORIDE"
"947","TIN"
"948","TIN OXIDE"
"949","TITANIUM"
"950","TITANIUM DIOXIDE"
"951","TITANIUM OXIDE"
"952","TITANIUM TETRACHLORIDE"
"953","TMAH"
"954","TOLUENE"
"955","TREATED HYDROCARBON OIL"
"956","TRIACRYLATE MONOMER"
"957","TRIBASIC SODIUM PHOSPHATE DODECAHYDRATE"
"958","TRIBENURON METHYL"
"959","TRICALCIUM PHOSPHATE"
"960","TRICHLOROETHYLENE"
"961","TRICHLOROFLUOROETHANE"
"962","TRICHLOROSILANE"
"963","TRIETHANOLAMINE"
"964","TRIETHEYL PHOSPHATE"
"965","TRIETHYLAMINE"
"966","TRIFLURALIN"
"967","TRIMETHYL ORTHOFORMATE"
"968","TRIPHENYL PHOSPHATE"
"969","TRIPHOSPHORIC ACID"
"970","TRISODIUM PHOSPHATE"
"971","TRISODIUM PHOSPHATE, DODECAHYDRATE"
"972","TRIVALENT CHROMIUM SALT"
"973","TUNGSTEN"
"974","UREA"
"975","VANILLIN"
"976","VARIES"
"977","VARIOUS"
"978","VARIOUS ACIDS"
"979","VARIOUS ACIDS, BASES, ETC."
"980","VARIOUS FLAMMABLE LIQUIDS"
"981","VARIOUS METALS"
"982","VEGETABLE FIBER"
"983","VEGETABLE OIL"
"984","VERMICULITE"
"985","VINYL ACETATE"
"986","VINYL ACETATE COPOLYMER"
"987","VINYL ACETATE MONOMER"
"988","VINYL ALCOHOL POLYMERS"
"989","VINYL CHLORIDE MONOMER"
"990","VINYLIDENE CHLORIDE METHYL METHACRYLATE"
"991","VINYLIDENE CHLORIDE METHYL METHACRYLONIT"
"992","VINYLIDENE CHLORIDE-BASED COPOLYMER"
"993","VINYLTOLUENE"
"994","VITRIFIED SMELTER SLAG"
"995","VM AND P NAPHTHA"
"996","WALNUT HULL DUST"
"997","WAX"
"998","WAX POLYETHYLENE-POLYPROPYLENE"
"999","WAX, POLYETHYLENE"
"1000","WAX, POLYETHYLENE-POLYPROPYLENE"
"1001","WAXES POLYETHYLENE"
"1002","WHEAT"
"1003","WHEAT DUST"
"1004","WHEAT FLOUR"
"1005","WHEAT PROTEIN"
"1006","WHITE MINERAL OIL"
"1007","WHITE MINERAL OIL SOLVENT REFINED"
"1008","WOOD DUST"
"1009","XANTHAN GUM"
"1010","XYLENE"
"1011","XYLENE (MIXED ISOMERS)"
"1012","XYLOL"
"1013","YEASE EXTRACT POWDER"
"1014","YEAST EXTRACT AUTOLYZED"
"1015","YELLOW CORN FLOUR"
"1016","YTTERBIUM OXIDE"
"1017","YTTRIUM OXIDE"
"1018","ZEOLITE"
"1019","ZINC"
"1020","ZINC AMMONIUM CHLORIDE"
"1021","ZINC CHLORIDE"
"1022","ZINC CHLORIDE SOLUTION"
"1023","ZINC CYANIDE"
"1024","ZINC OXIDE"
"1025","ZINC PHOSPHIDE"
"1026","ZINC SULFATE"
"1027","ZINC SULFIDE"
"1028","ZINC/CHROME/NICKEL"
"1029","ZIRCON"
